dataset,record_id,source_row_number,code,severity,field,message,raw_value,affects_metrics,recommended_action
Deals,IMPORT-DEAL-F076154C184E,2,customer_code_normalized,info,customer,Customer code normalized as 'COMPANY_089',COMPANY089,False,
Deals,IMPORT-DEAL-F076154C184E,2,synthetic_deal_id,info,deal_id,Assigned surrogate import key IMPORT-DEAL-F076154C184E due to missing source primary key,,False,Maintain surrogate key for import tracking
Deals,IMPORT-DEAL-0BBE9EE2868D,3,customer_code_normalized,info,customer,Customer code normalized as 'COMPANY_091',COMPANY091,False,
Deals,IMPORT-DEAL-0BBE9EE2868D,3,synthetic_deal_id,info,deal_id,Assigned surrogate import key IMPORT-DEAL-0BBE9EE2868D due to missing source primary key,,False,Maintain surrogate key for import tracking
Deals,IMPORT-DEAL-0BBE9EE2868D,3,missing_probability,info,probability,Closure probability is missing (not imputed),nan,True,Provide win probability
Deals,IMPORT-DEAL-DE84DF555F3B,4,customer_code_normalized,info,customer,Customer code normalized as 'COMPANY_124',COMPANY124,False,
Deals,IMPORT-DEAL-DE84DF555F3B,4,synthetic_deal_id,info,deal_id,Assigned surrogate import key IMPORT-DEAL-DE84DF555F3B due to missing source primary key,,False,Maintain surrogate key for import tracking
Deals,IMPORT-DEAL-D1B65447B798,5,customer_code_normalized,info,customer,Customer code normalized as 'COMPANY_046',COMPANY046,False,
Deals,IMPORT-DEAL-D1B65447B798,5,synthetic_deal_id,info,deal_id,Assigned surrogate import key IMPORT-DEAL-D1B65447B798 due to missing source primary key,,False,Maintain surrogate key for import tracking
Deals,IMPORT-DEAL-612709DCFBC9,6,customer_code_normalized,info,customer,Customer code normalized as 'COMPANY_148',COMPANY148,False,
Deals,IMPORT-DEAL-612709DCFBC9,6,synthetic_deal_id,info,deal_id,Assigned surrogate import key IMPORT-DEAL-612709DCFBC9 due to missing source primary key,,False,Maintain surrogate key for import tracking
Deals,IMPORT-DEAL-A692612ECC84,7,customer_code_normalized,info,customer,Customer code normalized as 'COMPANY_047',COMPANY047,False,
Deals,IMPORT-DEAL-A692612ECC84,7,synthetic_deal_id,info,deal_id,Assigned surrogate import key IMPORT-DEAL-A692612ECC84 due to missing source primary key,,False,Maintain surrogate key for import tracking
Deals,IMPORT-DEAL-7A0B0414EA0C,8,customer_code_normalized,info,customer,Customer code normalized as 'COMPANY_197',COMPANY197,False,
Deals,IMPORT-DEAL-7A0B0414EA0C,8,synthetic_deal_id,info,deal_id,Assigned surrogate import key IMPORT-DEAL-7A0B0414EA0C due to missing source primary key,,False,Maintain surrogate key for import tracking
Deals,IMPORT-DEAL-2B7A2BE7F4BC,9,customer_code_normalized,info,customer,Customer code normalized as 'COMPANY_177',COMPANY177,False,
Deals,IMPORT-DEAL-2B7A2BE7F4BC,9,synthetic_deal_id,info,deal_id,Assigned surrogate import key IMPORT-DEAL-2B7A2BE7F4BC due to missing source primary key,,False,Maintain surrogate key for import tracking
Deals,IMPORT-DEAL-2B7A2BE7F4BC,9,missing_deal_value,info,deal_value,Deal value is missing,nan,True,Provide estimated deal value
Deals,IMPORT-DEAL-74ECDB95920B,10,customer_code_normalized,info,customer,Customer code normalized as 'COMPANY_094',COMPANY094,False,
Deals,IMPORT-DEAL-74ECDB95920B,10,synthetic_deal_id,info,deal_id,Assigned surrogate import key IMPORT-DEAL-74ECDB95920B due to missing source primary key,,False,Maintain surrogate key for import tracking
Deals,IMPORT-DEAL-74ECDB95920B,10,missing_deal_value,info,deal_value,Deal value is missing,nan,True,Provide estimated deal value
Deals,IMPORT-DEAL-E04B6D9A9F63,11,customer_code_normalized,info,customer,Customer code normalized as 'COMPANY_178',COMPANY178,False,
Deals,IMPORT-DEAL-E04B6D9A9F63,11,synthetic_deal_id,info,deal_id,Assigned surrogate import key IMPORT-DEAL-E04B6D9A9F63 due to missing source primary key,,False,Maintain surrogate key for import tracking
Deals,IMPORT-DEAL-E04B6D9A9F63,11,missing_deal_value,info,deal_value,Deal value is missing,nan,True,Provide estimated deal value
Deals,IMPORT-DEAL-E8A9B654ED92,12,customer_code_normalized,info,customer,Customer code normalized as 'COMPANY_149',COMPANY149,False,
Deals,IMPORT-DEAL-E8A9B654ED92,12,synthetic_deal_id,info,deal_id,Assigned surrogate import key IMPORT-DEAL-E8A9B654ED92 due to missing source primary key,,False,Maintain surrogate key for import tracking
Deals,IMPORT-DEAL-3BEEE81B34E5,13,customer_code_normalized,info,customer,Customer code normalized as 'COMPANY_149',COMPANY149,False,
Deals,IMPORT-DEAL-3BEEE81B34E5,13,synthetic_deal_id,info,deal_id,Assigned surrogate import key IMPORT-DEAL-3BEEE81B34E5 due to missing source primary key,,False,Maintain surrogate key for import tracking
Deals,IMPORT-DEAL-E050BD82A9FE,14,customer_code_normalized,info,customer,Customer code normalized as 'COMPANY_171',COMPANY171,False,
Deals,IMPORT-DEAL-E050BD82A9FE,14,synthetic_deal_id,info,deal_id,Assigned surrogate import key IMPORT-DEAL-E050BD82A9FE due to missing source primary key,,False,Maintain surrogate key for import tracking
Deals,IMPORT-DEAL-477749779B06,15,customer_code_normalized,info,customer,Customer code normalized as 'COMPANY_111',COMPANY111,False,
Deals,IMPORT-DEAL-477749779B06,15,synthetic_deal_id,info,deal_id,Assigned surrogate import key IMPORT-DEAL-477749779B06 due to missing source primary key,,False,Maintain surrogate key for import tracking
Deals,IMPORT-DEAL-B921FE8E954A,16,customer_code_normalized,info,customer,Customer code normalized as 'COMPANY_111',COMPANY111,False,
Deals,IMPORT-DEAL-B921FE8E954A,16,synthetic_deal_id,info,deal_id,Assigned surrogate import key IMPORT-DEAL-B921FE8E954A due to missing source primary key,,False,Maintain surrogate key for import tracking
Deals,IMPORT-DEAL-B769FD8076CE,17,customer_code_normalized,info,customer,Customer code normalized as 'COMPANY_111',COMPANY111,False,
Deals,IMPORT-DEAL-B769FD8076CE,17,synthetic_deal_id,info,deal_id,Assigned surrogate import key IMPORT-DEAL-B769FD8076CE due to missing source primary key,,False,Maintain surrogate key for import tracking
Deals,IMPORT-DEAL-FC90B08094E1,18,customer_code_normalized,info,customer,Customer code normalized as 'COMPANY_149',COMPANY149,False,
Deals,IMPORT-DEAL-FC90B08094E1,18,synthetic_deal_id,info,deal_id,Assigned surrogate import key IMPORT-DEAL-FC90B08094E1 due to missing source primary key,,False,Maintain surrogate key for import tracking
Deals,IMPORT-DEAL-12F4268F2B72,19,customer_code_normalized,info,customer,Customer code normalized as 'COMPANY_129',COMPANY129,False,
Deals,IMPORT-DEAL-12F4268F2B72,19,synthetic_deal_id,info,deal_id,Assigned surrogate import key IMPORT-DEAL-12F4268F2B72 due to missing source primary key,,False,Maintain surrogate key for import tracking
Deals,IMPORT-DEAL-7ECCA9239446,20,customer_code_normalized,info,customer,Customer code normalized as 'COMPANY_129',COMPANY129,False,
Deals,IMPORT-DEAL-7ECCA9239446,20,synthetic_deal_id,info,deal_id,Assigned surrogate import key IMPORT-DEAL-7ECCA9239446 due to missing source primary key,,False,Maintain surrogate key for import tracking
Deals,IMPORT-DEAL-ECA5E5714238,21,customer_code_normalized,info,customer,Customer code normalized as 'COMPANY_107',COMPANY107,False,
Deals,IMPORT-DEAL-ECA5E5714238,21,synthetic_deal_id,info,deal_id,Assigned surrogate import key IMPORT-DEAL-ECA5E5714238 due to missing source primary key,,False,Maintain surrogate key for import tracking
Deals,IMPORT-DEAL-465A5EA99306,22,customer_code_normalized,info,customer,Customer code normalized as 'COMPANY_103',COMPANY103,False,
Deals,IMPORT-DEAL-465A5EA99306,22,synthetic_deal_id,info,deal_id,Assigned surrogate import key IMPORT-DEAL-465A5EA99306 due to missing source primary key,,False,Maintain surrogate key for import tracking
Deals,IMPORT-DEAL-B19C9ABDE56C,23,customer_code_normalized,info,customer,Customer code normalized as 'COMPANY_077',COMPANY077,False,
Deals,IMPORT-DEAL-B19C9ABDE56C,23,synthetic_deal_id,info,deal_id,Assigned surrogate import key IMPORT-DEAL-B19C9ABDE56C due to missing source primary key,,False,Maintain surrogate key for import tracking
Deals,IMPORT-DEAL-891C083BC89F,24,customer_code_normalized,info,customer,Customer code normalized as 'COMPANY_026',COMPANY026,False,
Deals,IMPORT-DEAL-891C083BC89F,24,synthetic_deal_id,info,deal_id,Assigned surrogate import key IMPORT-DEAL-891C083BC89F due to missing source primary key,,False,Maintain surrogate key for import tracking
Deals,IMPORT-DEAL-0A5D45D96A92,25,customer_code_normalized,info,customer,Customer code normalized as 'COMPANY_193',COMPANY193,False,
Deals,IMPORT-DEAL-0A5D45D96A92,25,synthetic_deal_id,info,deal_id,Assigned surrogate import key IMPORT-DEAL-0A5D45D96A92 due to missing source primary key,,False,Maintain surrogate key for import tracking
Deals,IMPORT-DEAL-510BD51EEFEE,26,customer_code_normalized,info,customer,Customer code normalized as 'COMPANY_111',COMPANY111,False,
Deals,IMPORT-DEAL-510BD51EEFEE,26,synthetic_deal_id,info,deal_id,Assigned surrogate import key IMPORT-DEAL-510BD51EEFEE due to missing source primary key,,False,Maintain surrogate key for import tracking
Deals,IMPORT-DEAL-56510CDF645E,27,customer_code_normalized,info,customer,Customer code normalized as 'COMPANY_169',COMPANY169,False,
Deals,IMPORT-DEAL-56510CDF645E,27,synthetic_deal_id,info,deal_id,Assigned surrogate import key IMPORT-DEAL-56510CDF645E due to missing source primary key,,False,Maintain surrogate key for import tracking
Deals,IMPORT-DEAL-070D5DE06006,28,customer_code_normalized,info,customer,Customer code normalized as 'COMPANY_183',COMPANY183,False,
Deals,IMPORT-DEAL-070D5DE06006,28,synthetic_deal_id,info,deal_id,Assigned surrogate import key IMPORT-DEAL-070D5DE06006 due to missing source primary key,,False,Maintain surrogate key for import tracking
Deals,IMPORT-DEAL-D68409D65BCD,29,customer_code_normalized,info,customer,Customer code normalized as 'COMPANY_009',COMPANY009,False,
Deals,IMPORT-DEAL-D68409D65BCD,29,synthetic_deal_id,info,deal_id,Assigned surrogate import key IMPORT-DEAL-D68409D65BCD due to missing source primary key,,False,Maintain surrogate key for import tracking
Deals,IMPORT-DEAL-9A6090C95E1D,30,customer_code_normalized,info,customer,Customer code normalized as 'COMPANY_052',COMPANY052,False,
Deals,IMPORT-DEAL-9A6090C95E1D,30,synthetic_deal_id,info,deal_id,Assigned surrogate import key IMPORT-DEAL-9A6090C95E1D due to missing source primary key,,False,Maintain surrogate key for import tracking
Deals,IMPORT-DEAL-F1515FCC887E,31,customer_code_normalized,info,customer,Customer code normalized as 'COMPANY_108',COMPANY108,False,
Deals,IMPORT-DEAL-F1515FCC887E,31,synthetic_deal_id,info,deal_id,Assigned surrogate import key IMPORT-DEAL-F1515FCC887E due to missing source primary key,,False,Maintain surrogate key for import tracking
Deals,IMPORT-DEAL-50DB8B32AC74,32,customer_code_normalized,info,customer,Customer code normalized as 'COMPANY_021',COMPANY021,False,
Deals,IMPORT-DEAL-50DB8B32AC74,32,synthetic_deal_id,info,deal_id,Assigned surrogate import key IMPORT-DEAL-50DB8B32AC74 due to missing source primary key,,False,Maintain surrogate key for import tracking
Deals,IMPORT-DEAL-E719E013F6C1,33,customer_code_normalized,info,customer,Customer code normalized as 'COMPANY_067',COMPANY067,False,
Deals,IMPORT-DEAL-E719E013F6C1,33,synthetic_deal_id,info,deal_id,Assigned surrogate import key IMPORT-DEAL-E719E013F6C1 due to missing source primary key,,False,Maintain surrogate key for import tracking
Deals,IMPORT-DEAL-E3F747CCFAD1,34,customer_code_normalized,info,customer,Customer code normalized as 'COMPANY_043',COMPANY043,False,
Deals,IMPORT-DEAL-E3F747CCFAD1,34,synthetic_deal_id,info,deal_id,Assigned surrogate import key IMPORT-DEAL-E3F747CCFAD1 due to missing source primary key,,False,Maintain surrogate key for import tracking
Deals,IMPORT-DEAL-0E77C513608F,35,customer_code_normalized,info,customer,Customer code normalized as 'COMPANY_093',COMPANY093,False,
Deals,IMPORT-DEAL-0E77C513608F,35,synthetic_deal_id,info,deal_id,Assigned surrogate import key IMPORT-DEAL-0E77C513608F due to missing source primary key,,False,Maintain surrogate key for import tracking
Deals,IMPORT-DEAL-B73D7A759510,36,customer_code_normalized,info,customer,Customer code normalized as 'COMPANY_067',COMPANY067,False,
Deals,IMPORT-DEAL-B73D7A759510,36,synthetic_deal_id,info,deal_id,Assigned surrogate import key IMPORT-DEAL-B73D7A759510 due to missing source primary key,,False,Maintain surrogate key for import tracking
Deals,IMPORT-DEAL-A77A0B53E26C,37,customer_code_normalized,info,customer,Customer code normalized as 'COMPANY_110',COMPANY110,False,
Deals,IMPORT-DEAL-A77A0B53E26C,37,synthetic_deal_id,info,deal_id,Assigned surrogate import key IMPORT-DEAL-A77A0B53E26C due to missing source primary key,,False,Maintain surrogate key for import tracking
Deals,IMPORT-DEAL-C9C5F1B8CC74,38,customer_code_normalized,info,customer,Customer code normalized as 'COMPANY_048',COMPANY048,False,
Deals,IMPORT-DEAL-C9C5F1B8CC74,38,synthetic_deal_id,info,deal_id,Assigned surrogate import key IMPORT-DEAL-C9C5F1B8CC74 due to missing source primary key,,False,Maintain surrogate key for import tracking
Deals,IMPORT-DEAL-AF5AD7F3C16D,39,customer_code_normalized,info,customer,Customer code normalized as 'COMPANY_124',COMPANY124,False,
Deals,IMPORT-DEAL-AF5AD7F3C16D,39,synthetic_deal_id,info,deal_id,Assigned surrogate import key IMPORT-DEAL-AF5AD7F3C16D due to missing source primary key,,False,Maintain surrogate key for import tracking
Deals,IMPORT-DEAL-20338B8FD65A,40,customer_code_normalized,info,customer,Customer code normalized as 'COMPANY_087',COMPANY087,False,
Deals,IMPORT-DEAL-20338B8FD65A,40,synthetic_deal_id,info,deal_id,Assigned surrogate import key IMPORT-DEAL-20338B8FD65A due to missing source primary key,,False,Maintain surrogate key for import tracking
Deals,IMPORT-DEAL-E3A042907F13,41,customer_code_normalized,info,customer,Customer code normalized as 'COMPANY_095',COMPANY095,False,
Deals,IMPORT-DEAL-E3A042907F13,41,synthetic_deal_id,info,deal_id,Assigned surrogate import key IMPORT-DEAL-E3A042907F13 due to missing source primary key,,False,Maintain surrogate key for import tracking
Deals,IMPORT-DEAL-2D91903C29D8,42,customer_code_normalized,info,customer,Customer code normalized as 'COMPANY_007',COMPANY007,False,
Deals,IMPORT-DEAL-2D91903C29D8,42,synthetic_deal_id,info,deal_id,Assigned surrogate import key IMPORT-DEAL-2D91903C29D8 due to missing source primary key,,False,Maintain surrogate key for import tracking
Deals,IMPORT-DEAL-773C23C2D5FD,43,customer_code_normalized,info,customer,Customer code normalized as 'COMPANY_067',COMPANY067,False,
Deals,IMPORT-DEAL-773C23C2D5FD,43,synthetic_deal_id,info,deal_id,Assigned surrogate import key IMPORT-DEAL-773C23C2D5FD due to missing source primary key,,False,Maintain surrogate key for import tracking
Deals,IMPORT-DEAL-AC8464462E35,44,customer_code_normalized,info,customer,Customer code normalized as 'COMPANY_068',COMPANY068,False,
Deals,IMPORT-DEAL-AC8464462E35,44,synthetic_deal_id,info,deal_id,Assigned surrogate import key IMPORT-DEAL-AC8464462E35 due to missing source primary key,,False,Maintain surrogate key for import tracking
Deals,IMPORT-DEAL-0744F553DA82,45,customer_code_normalized,info,customer,Customer code normalized as 'COMPANY_050',COMPANY050,False,
Deals,IMPORT-DEAL-0744F553DA82,45,synthetic_deal_id,info,deal_id,Assigned surrogate import key IMPORT-DEAL-0744F553DA82 due to missing source primary key,,False,Maintain surrogate key for import tracking
Deals,IMPORT-DEAL-4ABC1FFA02C2,46,customer_code_normalized,info,customer,Customer code normalized as 'COMPANY_051',COMPANY051,False,
Deals,IMPORT-DEAL-4ABC1FFA02C2,46,synthetic_deal_id,info,deal_id,Assigned surrogate import key IMPORT-DEAL-4ABC1FFA02C2 due to missing source primary key,,False,Maintain surrogate key for import tracking
Deals,IMPORT-DEAL-7B324DDA7234,47,customer_code_normalized,info,customer,Customer code normalized as 'COMPANY_161',COMPANY161,False,
Deals,IMPORT-DEAL-7B324DDA7234,47,synthetic_deal_id,info,deal_id,Assigned surrogate import key IMPORT-DEAL-7B324DDA7234 due to missing source primary key,,False,Maintain surrogate key for import tracking
Deals,IMPORT-DEAL-A85894F8FAC1,48,customer_code_normalized,info,customer,Customer code normalized as 'COMPANY_186',COMPANY186,False,
Deals,IMPORT-DEAL-A85894F8FAC1,48,synthetic_deal_id,info,deal_id,Assigned surrogate import key IMPORT-DEAL-A85894F8FAC1 due to missing source primary key,,False,Maintain surrogate key for import tracking
Deals,IMPORT-DEAL-9A465D23F196,49,customer_code_normalized,info,customer,Customer code normalized as 'COMPANY_038',COMPANY038,False,
Deals,IMPORT-DEAL-9A465D23F196,49,synthetic_deal_id,info,deal_id,Assigned surrogate import key IMPORT-DEAL-9A465D23F196 due to missing source primary key,,False,Maintain surrogate key for import tracking
Deals,IMPORT-DEAL-9A465D23F196,49,missing_deal_value,info,deal_value,Deal value is missing,nan,True,Provide estimated deal value
Deals,IMPORT-DEAL-9A465D23F196,49,missing_probability,info,probability,Closure probability is missing (not imputed),nan,True,Provide win probability
Deals,IMPORT-DEAL-9A465D23F196,49,missing_exact_close_date,info,expected_close_date,Tentative close date is missing,nan,False,
Deals,IMPORT-DEAL-442154D0F312,50,customer_code_normalized,info,customer,Customer code normalized as 'COMPANY_039',COMPANY039,False,
Deals,IMPORT-DEAL-442154D0F312,50,synthetic_deal_id,info,deal_id,Assigned surrogate import key IMPORT-DEAL-442154D0F312 due to missing source primary key,,False,Maintain surrogate key for import tracking
Deals,IMPORT-DEAL-DAFA99E47EDF,51,customer_code_normalized,info,customer,Customer code normalized as 'COMPANY_136',COMPANY136,False,
Deals,IMPORT-DEAL-DAFA99E47EDF,51,synthetic_deal_id,info,deal_id,Assigned surrogate import key IMPORT-DEAL-DAFA99E47EDF due to missing source primary key,,False,Maintain surrogate key for import tracking
Deals,IMPORT-DEAL-28A9AF47EC38,53,customer_code_normalized,info,customer,Customer code normalized as 'COMPANY_190',COMPANY190,False,
Deals,IMPORT-DEAL-28A9AF47EC38,53,synthetic_deal_id,info,deal_id,Assigned surrogate import key IMPORT-DEAL-28A9AF47EC38 due to missing source primary key,,False,Maintain surrogate key for import tracking
Deals,IMPORT-DEAL-28A9AF47EC38,53,missing_deal_value,info,deal_value,Deal value is missing,nan,True,Provide estimated deal value
Deals,IMPORT-DEAL-28A9AF47EC38,53,missing_probability,info,probability,Closure probability is missing (not imputed),nan,True,Provide win probability
Deals,IMPORT-DEAL-38A181EA5FB9,54,customer_code_normalized,info,customer,Customer code normalized as 'COMPANY_186',COMPANY186,False,
Deals,IMPORT-DEAL-38A181EA5FB9,54,synthetic_deal_id,info,deal_id,Assigned surrogate import key IMPORT-DEAL-38A181EA5FB9 due to missing source primary key,,False,Maintain surrogate key for import tracking
Deals,IMPORT-DEAL-38A181EA5FB9,54,missing_deal_value,info,deal_value,Deal value is missing,nan,True,Provide estimated deal value
Deals,IMPORT-DEAL-38A181EA5FB9,54,missing_probability,info,probability,Closure probability is missing (not imputed),nan,True,Provide win probability
Deals,IMPORT-DEAL-80B80CB32D11,55,customer_code_normalized,info,customer,Customer code normalized as 'COMPANY_101',COMPANY101,False,
Deals,IMPORT-DEAL-80B80CB32D11,55,synthetic_deal_id,info,deal_id,Assigned surrogate import key IMPORT-DEAL-80B80CB32D11 due to missing source primary key,,False,Maintain surrogate key for import tracking
Deals,IMPORT-DEAL-80B80CB32D11,55,missing_probability,info,probability,Closure probability is missing (not imputed),nan,True,Provide win probability
Deals,IMPORT-DEAL-CBE0DF2278AF,56,customer_code_normalized,info,customer,Customer code normalized as 'COMPANY_172',COMPANY172,False,
Deals,IMPORT-DEAL-CBE0DF2278AF,56,synthetic_deal_id,info,deal_id,Assigned surrogate import key IMPORT-DEAL-CBE0DF2278AF due to missing source primary key,,False,Maintain surrogate key for import tracking
Deals,IMPORT-DEAL-CBE0DF2278AF,56,missing_deal_value,info,deal_value,Deal value is missing,nan,True,Provide estimated deal value
Deals,IMPORT-DEAL-CBE0DF2278AF,56,missing_probability,info,probability,Closure probability is missing (not imputed),nan,True,Provide win probability
Deals,IMPORT-DEAL-8E12F5831F23,57,customer_code_normalized,info,customer,Customer code normalized as 'COMPANY_172',COMPANY172,False,
Deals,IMPORT-DEAL-8E12F5831F23,57,synthetic_deal_id,info,deal_id,Assigned surrogate import key IMPORT-DEAL-8E12F5831F23 due to missing source primary key,,False,Maintain surrogate key for import tracking
Deals,IMPORT-DEAL-8E12F5831F23,57,missing_deal_value,info,deal_value,Deal value is missing,nan,True,Provide estimated deal value
Deals,IMPORT-DEAL-8E12F5831F23,57,missing_probability,info,probability,Closure probability is missing (not imputed),nan,True,Provide win probability
Deals,IMPORT-DEAL-395EAAA00BFA,58,customer_code_normalized,info,customer,Customer code normalized as 'COMPANY_118',COMPANY118,False,
Deals,IMPORT-DEAL-395EAAA00BFA,58,synthetic_deal_id,info,deal_id,Assigned surrogate import key IMPORT-DEAL-395EAAA00BFA due to missing source primary key,,False,Maintain surrogate key for import tracking
Deals,IMPORT-DEAL-395EAAA00BFA,58,missing_deal_value,info,deal_value,Deal value is missing,nan,True,Provide estimated deal value
Deals,IMPORT-DEAL-395EAAA00BFA,58,missing_probability,info,probability,Closure probability is missing (not imputed),nan,True,Provide win probability
Deals,IMPORT-DEAL-F2122BA8DC97,59,customer_code_normalized,info,customer,Customer code normalized as 'COMPANY_148',COMPANY148,False,
Deals,IMPORT-DEAL-F2122BA8DC97,59,synthetic_deal_id,info,deal_id,Assigned surrogate import key IMPORT-DEAL-F2122BA8DC97 due to missing source primary key,,False,Maintain surrogate key for import tracking
Deals,IMPORT-DEAL-F2122BA8DC97,59,missing_probability,info,probability,Closure probability is missing (not imputed),nan,True,Provide win probability
Deals,IMPORT-DEAL-2E9BF0BC7001,60,customer_code_normalized,info,customer,Customer code normalized as 'COMPANY_070',COMPANY070,False,
Deals,IMPORT-DEAL-2E9BF0BC7001,60,synthetic_deal_id,info,deal_id,Assigned surrogate import key IMPORT-DEAL-2E9BF0BC7001 due to missing source primary key,,False,Maintain surrogate key for import tracking
Deals,IMPORT-DEAL-2E9BF0BC7001,60,missing_probability,info,probability,Closure probability is missing (not imputed),nan,True,Provide win probability
Deals,IMPORT-DEAL-EEEEB4C93A15,61,customer_code_normalized,info,customer,Customer code normalized as 'COMPANY_146',COMPANY146,False,
Deals,IMPORT-DEAL-EEEEB4C93A15,61,synthetic_deal_id,info,deal_id,Assigned surrogate import key IMPORT-DEAL-EEEEB4C93A15 due to missing source primary key,,False,Maintain surrogate key for import tracking
Deals,IMPORT-DEAL-EEEEB4C93A15,61,missing_deal_value,info,deal_value,Deal value is missing,nan,True,Provide estimated deal value
Deals,IMPORT-DEAL-EEEEB4C93A15,61,missing_probability,info,probability,Closure probability is missing (not imputed),nan,True,Provide win probability
Deals,IMPORT-DEAL-46517047A7D0,62,customer_code_normalized,info,customer,Customer code normalized as 'COMPANY_014',COMPANY014,False,
Deals,IMPORT-DEAL-46517047A7D0,62,synthetic_deal_id,info,deal_id,Assigned surrogate import key IMPORT-DEAL-46517047A7D0 due to missing source primary key,,False,Maintain surrogate key for import tracking
Deals,IMPORT-DEAL-46517047A7D0,62,missing_deal_value,info,deal_value,Deal value is missing,nan,True,Provide estimated deal value
Deals,IMPORT-DEAL-46517047A7D0,62,missing_probability,info,probability,Closure probability is missing (not imputed),nan,True,Provide win probability
Deals,IMPORT-DEAL-800762B5BDEA,63,customer_code_normalized,info,customer,Customer code normalized as 'COMPANY_168',COMPANY168,False,
Deals,IMPORT-DEAL-800762B5BDEA,63,synthetic_deal_id,info,deal_id,Assigned surrogate import key IMPORT-DEAL-800762B5BDEA due to missing source primary key,,False,Maintain surrogate key for import tracking
Deals,IMPORT-DEAL-800762B5BDEA,63,missing_probability,info,probability,Closure probability is missing (not imputed),nan,True,Provide win probability
Deals,IMPORT-DEAL-993A80D2AD9C,64,customer_code_normalized,info,customer,Customer code normalized as 'COMPANY_186',COMPANY186,False,
Deals,IMPORT-DEAL-993A80D2AD9C,64,synthetic_deal_id,info,deal_id,Assigned surrogate import key IMPORT-DEAL-993A80D2AD9C due to missing source primary key,,False,Maintain surrogate key for import tracking
Deals,IMPORT-DEAL-993A80D2AD9C,64,missing_deal_value,info,deal_value,Deal value is missing,nan,True,Provide estimated deal value
Deals,IMPORT-DEAL-993A80D2AD9C,64,missing_probability,info,probability,Closure probability is missing (not imputed),nan,True,Provide win probability
Deals,IMPORT-DEAL-8DF8EA70CDA9,65,customer_code_normalized,info,customer,Customer code normalized as 'COMPANY_179',COMPANY179,False,
Deals,IMPORT-DEAL-8DF8EA70CDA9,65,synthetic_deal_id,info,deal_id,Assigned surrogate import key IMPORT-DEAL-8DF8EA70CDA9 due to missing source primary key,,False,Maintain surrogate key for import tracking
Deals,IMPORT-DEAL-8DF8EA70CDA9,65,missing_deal_value,info,deal_value,Deal value is missing,nan,True,Provide estimated deal value
Deals,IMPORT-DEAL-8DF8EA70CDA9,65,missing_probability,info,probability,Closure probability is missing (not imputed),nan,True,Provide win probability
Deals,IMPORT-DEAL-7CA8F7C6ED3F,66,customer_code_normalized,info,customer,Customer code normalized as 'COMPANY_078',COMPANY078,False,
Deals,IMPORT-DEAL-7CA8F7C6ED3F,66,synthetic_deal_id,info,deal_id,Assigned surrogate import key IMPORT-DEAL-7CA8F7C6ED3F due to missing source primary key,,False,Maintain surrogate key for import tracking
Deals,IMPORT-DEAL-7CA8F7C6ED3F,66,missing_deal_value,info,deal_value,Deal value is missing,nan,True,Provide estimated deal value
Deals,IMPORT-DEAL-7CA8F7C6ED3F,66,missing_probability,info,probability,Closure probability is missing (not imputed),nan,True,Provide win probability
Deals,IMPORT-DEAL-23B659CCC453,67,customer_code_normalized,info,customer,Customer code normalized as 'COMPANY_058',COMPANY058,False,
Deals,IMPORT-DEAL-23B659CCC453,67,synthetic_deal_id,info,deal_id,Assigned surrogate import key IMPORT-DEAL-23B659CCC453 due to missing source primary key,,False,Maintain surrogate key for import tracking
Deals,IMPORT-DEAL-23B659CCC453,67,missing_probability,info,probability,Closure probability is missing (not imputed),nan,True,Provide win probability
Deals,IMPORT-DEAL-4FC3C25D64F6,68,customer_code_normalized,info,customer,Customer code normalized as 'COMPANY_143',COMPANY143,False,
Deals,IMPORT-DEAL-4FC3C25D64F6,68,synthetic_deal_id,info,deal_id,Assigned surrogate import key IMPORT-DEAL-4FC3C25D64F6 due to missing source primary key,,False,Maintain surrogate key for import tracking
Deals,IMPORT-DEAL-4FC3C25D64F6,68,missing_probability,info,probability,Closure probability is missing (not imputed),nan,True,Provide win probability
Deals,IMPORT-DEAL-A09D1BCBDEB4,69,customer_code_normalized,info,customer,Customer code normalized as 'COMPANY_071',COMPANY071,False,
Deals,IMPORT-DEAL-A09D1BCBDEB4,69,synthetic_deal_id,info,deal_id,Assigned surrogate import key IMPORT-DEAL-A09D1BCBDEB4 due to missing source primary key,,False,Maintain surrogate key for import tracking
Deals,IMPORT-DEAL-A09D1BCBDEB4,69,missing_probability,info,probability,Closure probability is missing (not imputed),nan,True,Provide win probability
Deals,IMPORT-DEAL-446D10571E62,70,customer_code_normalized,info,customer,Customer code normalized as 'COMPANY_063',COMPANY063,False,
Deals,IMPORT-DEAL-446D10571E62,70,synthetic_deal_id,info,deal_id,Assigned surrogate import key IMPORT-DEAL-446D10571E62 due to missing source primary key,,False,Maintain surrogate key for import tracking
Deals,IMPORT-DEAL-446D10571E62,70,missing_probability,info,probability,Closure probability is missing (not imputed),nan,True,Provide win probability
Deals,IMPORT-DEAL-85C467E15721,71,customer_code_normalized,info,customer,Customer code normalized as 'COMPANY_045',COMPANY045,False,
Deals,IMPORT-DEAL-85C467E15721,71,synthetic_deal_id,info,deal_id,Assigned surrogate import key IMPORT-DEAL-85C467E15721 due to missing source primary key,,False,Maintain surrogate key for import tracking
Deals,IMPORT-DEAL-85C467E15721,71,missing_probability,info,probability,Closure probability is missing (not imputed),nan,True,Provide win probability
Deals,IMPORT-DEAL-6873A140E19E,72,customer_code_normalized,info,customer,Customer code normalized as 'COMPANY_120',COMPANY120,False,
Deals,IMPORT-DEAL-6873A140E19E,72,synthetic_deal_id,info,deal_id,Assigned surrogate import key IMPORT-DEAL-6873A140E19E due to missing source primary key,,False,Maintain surrogate key for import tracking
Deals,IMPORT-DEAL-6873A140E19E,72,missing_deal_value,info,deal_value,Deal value is missing,nan,True,Provide estimated deal value
Deals,IMPORT-DEAL-6873A140E19E,72,missing_probability,info,probability,Closure probability is missing (not imputed),nan,True,Provide win probability
Deals,IMPORT-DEAL-37A2FBE6B625,73,customer_code_normalized,info,customer,Customer code normalized as 'COMPANY_074',COMPANY074,False,
Deals,IMPORT-DEAL-37A2FBE6B625,73,synthetic_deal_id,info,deal_id,Assigned surrogate import key IMPORT-DEAL-37A2FBE6B625 due to missing source primary key,,False,Maintain surrogate key for import tracking
Deals,IMPORT-DEAL-37A2FBE6B625,73,missing_deal_value,info,deal_value,Deal value is missing,nan,True,Provide estimated deal value
Deals,IMPORT-DEAL-37A2FBE6B625,73,missing_probability,info,probability,Closure probability is missing (not imputed),nan,True,Provide win probability
Deals,IMPORT-DEAL-AC676CAE5559,74,customer_code_normalized,info,customer,Customer code normalized as 'COMPANY_005',COMPANY005,False,
Deals,IMPORT-DEAL-AC676CAE5559,74,synthetic_deal_id,info,deal_id,Assigned surrogate import key IMPORT-DEAL-AC676CAE5559 due to missing source primary key,,False,Maintain surrogate key for import tracking
Deals,IMPORT-DEAL-AC676CAE5559,74,missing_deal_value,info,deal_value,Deal value is missing,nan,True,Provide estimated deal value
Deals,IMPORT-DEAL-AC676CAE5559,74,missing_probability,info,probability,Closure probability is missing (not imputed),nan,True,Provide win probability
Deals,IMPORT-DEAL-B9C12B3A3B38,75,customer_code_normalized,info,customer,Customer code normalized as 'COMPANY_115',COMPANY115,False,
Deals,IMPORT-DEAL-B9C12B3A3B38,75,synthetic_deal_id,info,deal_id,Assigned surrogate import key IMPORT-DEAL-B9C12B3A3B38 due to missing source primary key,,False,Maintain surrogate key for import tracking
Deals,IMPORT-DEAL-B9C12B3A3B38,75,missing_deal_value,info,deal_value,Deal value is missing,nan,True,Provide estimated deal value
Deals,IMPORT-DEAL-B9C12B3A3B38,75,missing_probability,info,probability,Closure probability is missing (not imputed),nan,True,Provide win probability
Deals,IMPORT-DEAL-0CE66CB6A8B0,76,customer_code_normalized,info,customer,Customer code normalized as 'COMPANY_080',COMPANY080,False,
Deals,IMPORT-DEAL-0CE66CB6A8B0,76,synthetic_deal_id,info,deal_id,Assigned surrogate import key IMPORT-DEAL-0CE66CB6A8B0 due to missing source primary key,,False,Maintain surrogate key for import tracking
Deals,IMPORT-DEAL-0CE66CB6A8B0,76,missing_deal_value,info,deal_value,Deal value is missing,nan,True,Provide estimated deal value
Deals,IMPORT-DEAL-0CE66CB6A8B0,76,missing_probability,info,probability,Closure probability is missing (not imputed),nan,True,Provide win probability
Deals,IMPORT-DEAL-ABA0B99E781C,77,customer_code_normalized,info,customer,Customer code normalized as 'COMPANY_057',COMPANY057,False,
Deals,IMPORT-DEAL-ABA0B99E781C,77,synthetic_deal_id,info,deal_id,Assigned surrogate import key IMPORT-DEAL-ABA0B99E781C due to missing source primary key,,False,Maintain surrogate key for import tracking
Deals,IMPORT-DEAL-ABA0B99E781C,77,missing_probability,info,probability,Closure probability is missing (not imputed),nan,True,Provide win probability
Deals,IMPORT-DEAL-869BDF779A30,78,customer_code_normalized,info,customer,Customer code normalized as 'COMPANY_148',COMPANY148,False,
Deals,IMPORT-DEAL-869BDF779A30,78,synthetic_deal_id,info,deal_id,Assigned surrogate import key IMPORT-DEAL-869BDF779A30 due to missing source primary key,,False,Maintain surrogate key for import tracking
Deals,IMPORT-DEAL-869BDF779A30,78,missing_deal_value,info,deal_value,Deal value is missing,nan,True,Provide estimated deal value
Deals,IMPORT-DEAL-869BDF779A30,78,missing_probability,info,probability,Closure probability is missing (not imputed),nan,True,Provide win probability
Deals,IMPORT-DEAL-36B6AD564F00,79,customer_code_normalized,info,customer,Customer code normalized as 'COMPANY_078',COMPANY078,False,
Deals,IMPORT-DEAL-36B6AD564F00,79,synthetic_deal_id,info,deal_id,Assigned surrogate import key IMPORT-DEAL-36B6AD564F00 due to missing source primary key,,False,Maintain surrogate key for import tracking
Deals,IMPORT-DEAL-36B6AD564F00,79,missing_deal_value,info,deal_value,Deal value is missing,nan,True,Provide estimated deal value
Deals,IMPORT-DEAL-36B6AD564F00,79,missing_probability,info,probability,Closure probability is missing (not imputed),nan,True,Provide win probability
Deals,IMPORT-DEAL-8964438E96F5,80,customer_code_normalized,info,customer,Customer code normalized as 'COMPANY_112',COMPANY112,False,
Deals,IMPORT-DEAL-8964438E96F5,80,synthetic_deal_id,info,deal_id,Assigned surrogate import key IMPORT-DEAL-8964438E96F5 due to missing source primary key,,False,Maintain surrogate key for import tracking
Deals,IMPORT-DEAL-8964438E96F5,80,missing_deal_value,info,deal_value,Deal value is missing,nan,True,Provide estimated deal value
Deals,IMPORT-DEAL-8964438E96F5,80,missing_probability,info,probability,Closure probability is missing (not imputed),nan,True,Provide win probability
Deals,IMPORT-DEAL-D268CED53E95,81,customer_code_normalized,info,customer,Customer code normalized as 'COMPANY_071',COMPANY071,False,
Deals,IMPORT-DEAL-D268CED53E95,81,synthetic_deal_id,info,deal_id,Assigned surrogate import key IMPORT-DEAL-D268CED53E95 due to missing source primary key,,False,Maintain surrogate key for import tracking
Deals,IMPORT-DEAL-D268CED53E95,81,missing_probability,info,probability,Closure probability is missing (not imputed),nan,True,Provide win probability
Deals,IMPORT-DEAL-F4D16F3B4931,82,customer_code_normalized,info,customer,Customer code normalized as 'COMPANY_133',COMPANY133,False,
Deals,IMPORT-DEAL-F4D16F3B4931,82,synthetic_deal_id,info,deal_id,Assigned surrogate import key IMPORT-DEAL-F4D16F3B4931 due to missing source primary key,,False,Maintain surrogate key for import tracking
Deals,IMPORT-DEAL-F4D16F3B4931,82,missing_deal_value,info,deal_value,Deal value is missing,nan,True,Provide estimated deal value
Deals,IMPORT-DEAL-F4D16F3B4931,82,missing_probability,info,probability,Closure probability is missing (not imputed),nan,True,Provide win probability
Deals,IMPORT-DEAL-DB66E4320829,83,customer_code_normalized,info,customer,Customer code normalized as 'COMPANY_194',COMPANY194,False,
Deals,IMPORT-DEAL-DB66E4320829,83,synthetic_deal_id,info,deal_id,Assigned surrogate import key IMPORT-DEAL-DB66E4320829 due to missing source primary key,,False,Maintain surrogate key for import tracking
Deals,IMPORT-DEAL-DB66E4320829,83,missing_deal_value,info,deal_value,Deal value is missing,nan,True,Provide estimated deal value
Deals,IMPORT-DEAL-DB66E4320829,83,missing_probability,info,probability,Closure probability is missing (not imputed),nan,True,Provide win probability
Deals,IMPORT-DEAL-D1D4A08FD570,84,customer_code_normalized,info,customer,Customer code normalized as 'COMPANY_142',COMPANY142,False,
Deals,IMPORT-DEAL-D1D4A08FD570,84,synthetic_deal_id,info,deal_id,Assigned surrogate import key IMPORT-DEAL-D1D4A08FD570 due to missing source primary key,,False,Maintain surrogate key for import tracking
Deals,IMPORT-DEAL-D1D4A08FD570,84,missing_deal_value,info,deal_value,Deal value is missing,nan,True,Provide estimated deal value
Deals,IMPORT-DEAL-D1D4A08FD570,84,missing_probability,info,probability,Closure probability is missing (not imputed),nan,True,Provide win probability
Deals,IMPORT-DEAL-9491702C4015,85,customer_code_normalized,info,customer,Customer code normalized as 'COMPANY_169',COMPANY169,False,
Deals,IMPORT-DEAL-9491702C4015,85,synthetic_deal_id,info,deal_id,Assigned surrogate import key IMPORT-DEAL-9491702C4015 due to missing source primary key,,False,Maintain surrogate key for import tracking
Deals,IMPORT-DEAL-9491702C4015,85,missing_deal_value,info,deal_value,Deal value is missing,nan,True,Provide estimated deal value
Deals,IMPORT-DEAL-9491702C4015,85,missing_probability,info,probability,Closure probability is missing (not imputed),nan,True,Provide win probability
Deals,IMPORT-DEAL-F91AEAB4EB55,86,customer_code_normalized,info,customer,Customer code normalized as 'COMPANY_186',COMPANY186,False,
Deals,IMPORT-DEAL-F91AEAB4EB55,86,synthetic_deal_id,info,deal_id,Assigned surrogate import key IMPORT-DEAL-F91AEAB4EB55 due to missing source primary key,,False,Maintain surrogate key for import tracking
Deals,IMPORT-DEAL-F91AEAB4EB55,86,missing_deal_value,info,deal_value,Deal value is missing,nan,True,Provide estimated deal value
Deals,IMPORT-DEAL-F91AEAB4EB55,86,missing_probability,info,probability,Closure probability is missing (not imputed),nan,True,Provide win probability
Deals,IMPORT-DEAL-B9125D68C3EC,87,customer_code_normalized,info,customer,Customer code normalized as 'COMPANY_186',COMPANY186,False,
Deals,IMPORT-DEAL-B9125D68C3EC,87,synthetic_deal_id,info,deal_id,Assigned surrogate import key IMPORT-DEAL-B9125D68C3EC due to missing source primary key,,False,Maintain surrogate key for import tracking
Deals,IMPORT-DEAL-B9125D68C3EC,87,missing_deal_value,info,deal_value,Deal value is missing,nan,True,Provide estimated deal value
Deals,IMPORT-DEAL-B9125D68C3EC,87,missing_probability,info,probability,Closure probability is missing (not imputed),nan,True,Provide win probability
Deals,IMPORT-DEAL-0A602EC0C7E2,88,customer_code_normalized,info,customer,Customer code normalized as 'COMPANY_172',COMPANY172,False,
Deals,IMPORT-DEAL-0A602EC0C7E2,88,synthetic_deal_id,info,deal_id,Assigned surrogate import key IMPORT-DEAL-0A602EC0C7E2 due to missing source primary key,,False,Maintain surrogate key for import tracking
Deals,IMPORT-DEAL-0A602EC0C7E2,88,missing_deal_value,info,deal_value,Deal value is missing,nan,True,Provide estimated deal value
Deals,IMPORT-DEAL-0A602EC0C7E2,88,missing_probability,info,probability,Closure probability is missing (not imputed),nan,True,Provide win probability
Deals,IMPORT-DEAL-C4BAEA15B171,89,customer_code_normalized,info,customer,Customer code normalized as 'COMPANY_017',COMPANY017,False,
Deals,IMPORT-DEAL-C4BAEA15B171,89,synthetic_deal_id,info,deal_id,Assigned surrogate import key IMPORT-DEAL-C4BAEA15B171 due to missing source primary key,,False,Maintain surrogate key for import tracking
Deals,IMPORT-DEAL-C4BAEA15B171,89,missing_deal_value,info,deal_value,Deal value is missing,nan,True,Provide estimated deal value
Deals,IMPORT-DEAL-C4BAEA15B171,89,missing_probability,info,probability,Closure probability is missing (not imputed),nan,True,Provide win probability
Deals,IMPORT-DEAL-2DEB90C3BF28,90,customer_code_normalized,info,customer,Customer code normalized as 'COMPANY_085',COMPANY085,False,
Deals,IMPORT-DEAL-2DEB90C3BF28,90,synthetic_deal_id,info,deal_id,Assigned surrogate import key IMPORT-DEAL-2DEB90C3BF28 due to missing source primary key,,False,Maintain surrogate key for import tracking
Deals,IMPORT-DEAL-2DEB90C3BF28,90,missing_deal_value,info,deal_value,Deal value is missing,nan,True,Provide estimated deal value
Deals,IMPORT-DEAL-2DEB90C3BF28,90,missing_probability,info,probability,Closure probability is missing (not imputed),nan,True,Provide win probability
Deals,IMPORT-DEAL-AB5462F10705,91,customer_code_normalized,info,customer,Customer code normalized as 'COMPANY_121',COMPANY121,False,
Deals,IMPORT-DEAL-AB5462F10705,91,synthetic_deal_id,info,deal_id,Assigned surrogate import key IMPORT-DEAL-AB5462F10705 due to missing source primary key,,False,Maintain surrogate key for import tracking
Deals,IMPORT-DEAL-AB5462F10705,91,missing_probability,info,probability,Closure probability is missing (not imputed),nan,True,Provide win probability
Deals,IMPORT-DEAL-B37D64F88336,92,customer_code_normalized,info,customer,Customer code normalized as 'COMPANY_116',COMPANY116,False,
Deals,IMPORT-DEAL-B37D64F88336,92,synthetic_deal_id,info,deal_id,Assigned surrogate import key IMPORT-DEAL-B37D64F88336 due to missing source primary key,,False,Maintain surrogate key for import tracking
Deals,IMPORT-DEAL-B37D64F88336,92,missing_probability,info,probability,Closure probability is missing (not imputed),nan,True,Provide win probability
Deals,IMPORT-DEAL-E956279FF7DA,93,customer_code_normalized,info,customer,Customer code normalized as 'COMPANY_025',COMPANY025,False,
Deals,IMPORT-DEAL-E956279FF7DA,93,synthetic_deal_id,info,deal_id,Assigned surrogate import key IMPORT-DEAL-E956279FF7DA due to missing source primary key,,False,Maintain surrogate key for import tracking
Deals,IMPORT-DEAL-E956279FF7DA,93,missing_probability,info,probability,Closure probability is missing (not imputed),nan,True,Provide win probability
Deals,IMPORT-DEAL-C7884CE6945F,94,customer_code_normalized,info,customer,Customer code normalized as 'COMPANY_133',COMPANY133,False,
Deals,IMPORT-DEAL-C7884CE6945F,94,synthetic_deal_id,info,deal_id,Assigned surrogate import key IMPORT-DEAL-C7884CE6945F due to missing source primary key,,False,Maintain surrogate key for import tracking
Deals,IMPORT-DEAL-C7884CE6945F,94,missing_probability,info,probability,Closure probability is missing (not imputed),nan,True,Provide win probability
Deals,IMPORT-DEAL-642865FB55A3,95,customer_code_normalized,info,customer,Customer code normalized as 'COMPANY_120',COMPANY120,False,
Deals,IMPORT-DEAL-642865FB55A3,95,synthetic_deal_id,info,deal_id,Assigned surrogate import key IMPORT-DEAL-642865FB55A3 due to missing source primary key,,False,Maintain surrogate key for import tracking
Deals,IMPORT-DEAL-642865FB55A3,95,missing_deal_value,info,deal_value,Deal value is missing,nan,True,Provide estimated deal value
Deals,IMPORT-DEAL-642865FB55A3,95,missing_probability,info,probability,Closure probability is missing (not imputed),nan,True,Provide win probability
Deals,IMPORT-DEAL-F506B0F25484,96,customer_code_normalized,info,customer,Customer code normalized as 'COMPANY_175',COMPANY175,False,
Deals,IMPORT-DEAL-F506B0F25484,96,synthetic_deal_id,info,deal_id,Assigned surrogate import key IMPORT-DEAL-F506B0F25484 due to missing source primary key,,False,Maintain surrogate key for import tracking
Deals,IMPORT-DEAL-F506B0F25484,96,missing_probability,info,probability,Closure probability is missing (not imputed),nan,True,Provide win probability
Deals,IMPORT-DEAL-757381107DA9,97,customer_code_normalized,info,customer,Customer code normalized as 'COMPANY_058',COMPANY058,False,
Deals,IMPORT-DEAL-757381107DA9,97,synthetic_deal_id,info,deal_id,Assigned surrogate import key IMPORT-DEAL-757381107DA9 due to missing source primary key,,False,Maintain surrogate key for import tracking
Deals,IMPORT-DEAL-757381107DA9,97,missing_probability,info,probability,Closure probability is missing (not imputed),nan,True,Provide win probability
Deals,IMPORT-DEAL-987119959323,98,customer_code_normalized,info,customer,Customer code normalized as 'COMPANY_020',COMPANY020,False,
Deals,IMPORT-DEAL-987119959323,98,synthetic_deal_id,info,deal_id,Assigned surrogate import key IMPORT-DEAL-987119959323 due to missing source primary key,,False,Maintain surrogate key for import tracking
Deals,IMPORT-DEAL-987119959323,98,missing_deal_value,info,deal_value,Deal value is missing,nan,True,Provide estimated deal value
Deals,IMPORT-DEAL-987119959323,98,missing_probability,info,probability,Closure probability is missing (not imputed),nan,True,Provide win probability
Deals,IMPORT-DEAL-1DDFA4C069D7,99,customer_code_normalized,info,customer,Customer code normalized as 'COMPANY_122',COMPANY122,False,
Deals,IMPORT-DEAL-1DDFA4C069D7,99,synthetic_deal_id,info,deal_id,Assigned surrogate import key IMPORT-DEAL-1DDFA4C069D7 due to missing source primary key,,False,Maintain surrogate key for import tracking
Deals,IMPORT-DEAL-1DDFA4C069D7,99,missing_deal_value,info,deal_value,Deal value is missing,nan,True,Provide estimated deal value
Deals,IMPORT-DEAL-1DDFA4C069D7,99,missing_probability,info,probability,Closure probability is missing (not imputed),nan,True,Provide win probability
Deals,IMPORT-DEAL-05C8B14A2DD0,100,customer_code_normalized,info,customer,Customer code normalized as 'COMPANY_122',COMPANY122,False,
Deals,IMPORT-DEAL-05C8B14A2DD0,100,synthetic_deal_id,info,deal_id,Assigned surrogate import key IMPORT-DEAL-05C8B14A2DD0 due to missing source primary key,,False,Maintain surrogate key for import tracking
Deals,IMPORT-DEAL-05C8B14A2DD0,100,missing_deal_value,info,deal_value,Deal value is missing,nan,True,Provide estimated deal value
Deals,IMPORT-DEAL-05C8B14A2DD0,100,missing_probability,info,probability,Closure probability is missing (not imputed),nan,True,Provide win probability
Deals,IMPORT-DEAL-C2614319EF2B,101,customer_code_normalized,info,customer,Customer code normalized as 'COMPANY_157',COMPANY157,False,
Deals,IMPORT-DEAL-C2614319EF2B,101,synthetic_deal_id,info,deal_id,Assigned surrogate import key IMPORT-DEAL-C2614319EF2B due to missing source primary key,,False,Maintain surrogate key for import tracking
Deals,IMPORT-DEAL-C2614319EF2B,101,missing_probability,info,probability,Closure probability is missing (not imputed),nan,True,Provide win probability
Deals,IMPORT-DEAL-59059F9ADA66,102,customer_code_normalized,info,customer,Customer code normalized as 'COMPANY_016',COMPANY016,False,
Deals,IMPORT-DEAL-59059F9ADA66,102,synthetic_deal_id,info,deal_id,Assigned surrogate import key IMPORT-DEAL-59059F9ADA66 due to missing source primary key,,False,Maintain surrogate key for import tracking
Deals,IMPORT-DEAL-59059F9ADA66,102,missing_deal_value,info,deal_value,Deal value is missing,nan,True,Provide estimated deal value
Deals,IMPORT-DEAL-59059F9ADA66,102,missing_probability,info,probability,Closure probability is missing (not imputed),nan,True,Provide win probability
Deals,IMPORT-DEAL-9666A3019D54,103,customer_code_normalized,info,customer,Customer code normalized as 'COMPANY_172',COMPANY172,False,
Deals,IMPORT-DEAL-9666A3019D54,103,synthetic_deal_id,info,deal_id,Assigned surrogate import key IMPORT-DEAL-9666A3019D54 due to missing source primary key,,False,Maintain surrogate key for import tracking
Deals,IMPORT-DEAL-9666A3019D54,103,missing_deal_value,info,deal_value,Deal value is missing,nan,True,Provide estimated deal value
Deals,IMPORT-DEAL-9666A3019D54,103,missing_probability,info,probability,Closure probability is missing (not imputed),nan,True,Provide win probability
Deals,IMPORT-DEAL-7A15D6DFB4C1,104,customer_code_normalized,info,customer,Customer code normalized as 'COMPANY_018',COMPANY018,False,
Deals,IMPORT-DEAL-7A15D6DFB4C1,104,synthetic_deal_id,info,deal_id,Assigned surrogate import key IMPORT-DEAL-7A15D6DFB4C1 due to missing source primary key,,False,Maintain surrogate key for import tracking
Deals,IMPORT-DEAL-7A15D6DFB4C1,104,missing_deal_value,info,deal_value,Deal value is missing,nan,True,Provide estimated deal value
Deals,IMPORT-DEAL-7A15D6DFB4C1,104,missing_probability,info,probability,Closure probability is missing (not imputed),nan,True,Provide win probability
Deals,IMPORT-DEAL-34A2919BE022,105,customer_code_normalized,info,customer,Customer code normalized as 'COMPANY_150',COMPANY150,False,
Deals,IMPORT-DEAL-34A2919BE022,105,synthetic_deal_id,info,deal_id,Assigned surrogate import key IMPORT-DEAL-34A2919BE022 due to missing source primary key,,False,Maintain surrogate key for import tracking
Deals,IMPORT-DEAL-34A2919BE022,105,missing_deal_value,info,deal_value,Deal value is missing,nan,True,Provide estimated deal value
Deals,IMPORT-DEAL-34A2919BE022,105,missing_probability,info,probability,Closure probability is missing (not imputed),nan,True,Provide win probability
Deals,IMPORT-DEAL-02AB35000CB1,106,customer_code_normalized,info,customer,Customer code normalized as 'COMPANY_128',COMPANY128,False,
Deals,IMPORT-DEAL-02AB35000CB1,106,synthetic_deal_id,info,deal_id,Assigned surrogate import key IMPORT-DEAL-02AB35000CB1 due to missing source primary key,,False,Maintain surrogate key for import tracking
Deals,IMPORT-DEAL-02AB35000CB1,106,missing_deal_value,info,deal_value,Deal value is missing,nan,True,Provide estimated deal value
Deals,IMPORT-DEAL-02AB35000CB1,106,missing_probability,info,probability,Closure probability is missing (not imputed),nan,True,Provide win probability
Deals,IMPORT-DEAL-221EFC50D485,107,customer_code_normalized,info,customer,Customer code normalized as 'COMPANY_072',COMPANY072,False,
Deals,IMPORT-DEAL-221EFC50D485,107,synthetic_deal_id,info,deal_id,Assigned surrogate import key IMPORT-DEAL-221EFC50D485 due to missing source primary key,,False,Maintain surrogate key for import tracking
Deals,IMPORT-DEAL-221EFC50D485,107,missing_probability,info,probability,Closure probability is missing (not imputed),nan,True,Provide win probability
Deals,IMPORT-DEAL-7DA68B460E09,108,customer_code_normalized,info,customer,Customer code normalized as 'COMPANY_038',COMPANY038,False,
Deals,IMPORT-DEAL-7DA68B460E09,108,synthetic_deal_id,info,deal_id,Assigned surrogate import key IMPORT-DEAL-7DA68B460E09 due to missing source primary key,,False,Maintain surrogate key for import tracking
Deals,IMPORT-DEAL-7DA68B460E09,108,missing_probability,info,probability,Closure probability is missing (not imputed),nan,True,Provide win probability
Deals,IMPORT-DEAL-02E3ED0C58E7,109,customer_code_normalized,info,customer,Customer code normalized as 'COMPANY_038',COMPANY038,False,
Deals,IMPORT-DEAL-02E3ED0C58E7,109,synthetic_deal_id,info,deal_id,Assigned surrogate import key IMPORT-DEAL-02E3ED0C58E7 due to missing source primary key,,False,Maintain surrogate key for import tracking
Deals,IMPORT-DEAL-02E3ED0C58E7,109,missing_probability,info,probability,Closure probability is missing (not imputed),nan,True,Provide win probability
Deals,IMPORT-DEAL-797799DB54E0,110,customer_code_normalized,info,customer,Customer code normalized as 'COMPANY_038',COMPANY038,False,
Deals,IMPORT-DEAL-797799DB54E0,110,synthetic_deal_id,info,deal_id,Assigned surrogate import key IMPORT-DEAL-797799DB54E0 due to missing source primary key,,False,Maintain surrogate key for import tracking
Deals,IMPORT-DEAL-797799DB54E0,110,missing_probability,info,probability,Closure probability is missing (not imputed),nan,True,Provide win probability
Deals,IMPORT-DEAL-718E35B51DEE,111,customer_code_normalized,info,customer,Customer code normalized as 'COMPANY_038',COMPANY038,False,
Deals,IMPORT-DEAL-718E35B51DEE,111,synthetic_deal_id,info,deal_id,Assigned surrogate import key IMPORT-DEAL-718E35B51DEE due to missing source primary key,,False,Maintain surrogate key for import tracking
Deals,IMPORT-DEAL-718E35B51DEE,111,missing_probability,info,probability,Closure probability is missing (not imputed),nan,True,Provide win probability
Deals,IMPORT-DEAL-FDBCE208D0D3,112,customer_code_normalized,info,customer,Customer code normalized as 'COMPANY_182',COMPANY182,False,
Deals,IMPORT-DEAL-FDBCE208D0D3,112,synthetic_deal_id,info,deal_id,Assigned surrogate import key IMPORT-DEAL-FDBCE208D0D3 due to missing source primary key,,False,Maintain surrogate key for import tracking
Deals,IMPORT-DEAL-FDBCE208D0D3,112,missing_deal_value,info,deal_value,Deal value is missing,nan,True,Provide estimated deal value
Deals,IMPORT-DEAL-FDBCE208D0D3,112,missing_probability,info,probability,Closure probability is missing (not imputed),nan,True,Provide win probability
Deals,IMPORT-DEAL-C861D4DE76B3,113,customer_code_normalized,info,customer,Customer code normalized as 'COMPANY_185',COMPANY185,False,
Deals,IMPORT-DEAL-C861D4DE76B3,113,synthetic_deal_id,info,deal_id,Assigned surrogate import key IMPORT-DEAL-C861D4DE76B3 due to missing source primary key,,False,Maintain surrogate key for import tracking
Deals,IMPORT-DEAL-C861D4DE76B3,113,missing_deal_value,info,deal_value,Deal value is missing,nan,True,Provide estimated deal value
Deals,IMPORT-DEAL-C861D4DE76B3,113,missing_probability,info,probability,Closure probability is missing (not imputed),nan,True,Provide win probability
Deals,IMPORT-DEAL-85AE1A2E74B8,114,customer_code_normalized,info,customer,Customer code normalized as 'COMPANY_196',COMPANY196,False,
Deals,IMPORT-DEAL-85AE1A2E74B8,114,synthetic_deal_id,info,deal_id,Assigned surrogate import key IMPORT-DEAL-85AE1A2E74B8 due to missing source primary key,,False,Maintain surrogate key for import tracking
Deals,IMPORT-DEAL-85AE1A2E74B8,114,missing_deal_value,info,deal_value,Deal value is missing,nan,True,Provide estimated deal value
Deals,IMPORT-DEAL-85AE1A2E74B8,114,missing_probability,info,probability,Closure probability is missing (not imputed),nan,True,Provide win probability
Deals,IMPORT-DEAL-4EFFDE2702B7,115,customer_code_normalized,info,customer,Customer code normalized as 'COMPANY_162',COMPANY162,False,
Deals,IMPORT-DEAL-4EFFDE2702B7,115,synthetic_deal_id,info,deal_id,Assigned surrogate import key IMPORT-DEAL-4EFFDE2702B7 due to missing source primary key,,False,Maintain surrogate key for import tracking
Deals,IMPORT-DEAL-4EFFDE2702B7,115,missing_deal_value,info,deal_value,Deal value is missing,nan,True,Provide estimated deal value
Deals,IMPORT-DEAL-4EFFDE2702B7,115,missing_probability,info,probability,Closure probability is missing (not imputed),nan,True,Provide win probability
Deals,IMPORT-DEAL-592BE7717265,116,customer_code_normalized,info,customer,Customer code normalized as 'COMPANY_160',COMPANY160,False,
Deals,IMPORT-DEAL-592BE7717265,116,synthetic_deal_id,info,deal_id,Assigned surrogate import key IMPORT-DEAL-592BE7717265 due to missing source primary key,,False,Maintain surrogate key for import tracking
Deals,IMPORT-DEAL-592BE7717265,116,missing_deal_value,info,deal_value,Deal value is missing,nan,True,Provide estimated deal value
Deals,IMPORT-DEAL-592BE7717265,116,missing_probability,info,probability,Closure probability is missing (not imputed),nan,True,Provide win probability
Deals,IMPORT-DEAL-592BE7717265,116,missing_exact_close_date,info,expected_close_date,Tentative close date is missing,nan,False,
Deals,IMPORT-DEAL-45901140CD16,117,customer_code_normalized,info,customer,Customer code normalized as 'COMPANY_146',COMPANY146,False,
Deals,IMPORT-DEAL-45901140CD16,117,synthetic_deal_id,info,deal_id,Assigned surrogate import key IMPORT-DEAL-45901140CD16 due to missing source primary key,,False,Maintain surrogate key for import tracking
Deals,IMPORT-DEAL-45901140CD16,117,missing_deal_value,info,deal_value,Deal value is missing,nan,True,Provide estimated deal value
Deals,IMPORT-DEAL-45901140CD16,117,missing_probability,info,probability,Closure probability is missing (not imputed),nan,True,Provide win probability
Deals,IMPORT-DEAL-73825D30E13B,118,customer_code_normalized,info,customer,Customer code normalized as 'COMPANY_125',COMPANY125,False,
Deals,IMPORT-DEAL-73825D30E13B,118,synthetic_deal_id,info,deal_id,Assigned surrogate import key IMPORT-DEAL-73825D30E13B due to missing source primary key,,False,Maintain surrogate key for import tracking
Deals,IMPORT-DEAL-73825D30E13B,118,missing_probability,info,probability,Closure probability is missing (not imputed),nan,True,Provide win probability
Deals,IMPORT-DEAL-76ED1F44ECAA,119,customer_code_normalized,info,customer,Customer code normalized as 'COMPANY_125',COMPANY125,False,
Deals,IMPORT-DEAL-76ED1F44ECAA,119,synthetic_deal_id,info,deal_id,Assigned surrogate import key IMPORT-DEAL-76ED1F44ECAA due to missing source primary key,,False,Maintain surrogate key for import tracking
Deals,IMPORT-DEAL-76ED1F44ECAA,119,missing_probability,info,probability,Closure probability is missing (not imputed),nan,True,Provide win probability
Deals,IMPORT-DEAL-999F2FF60546,120,customer_code_normalized,info,customer,Customer code normalized as 'COMPANY_125',COMPANY125,False,
Deals,IMPORT-DEAL-999F2FF60546,120,synthetic_deal_id,info,deal_id,Assigned surrogate import key IMPORT-DEAL-999F2FF60546 due to missing source primary key,,False,Maintain surrogate key for import tracking
Deals,IMPORT-DEAL-999F2FF60546,120,missing_probability,info,probability,Closure probability is missing (not imputed),nan,True,Provide win probability
Deals,IMPORT-DEAL-1DC1842AE5EB,121,customer_code_normalized,info,customer,Customer code normalized as 'COMPANY_154',COMPANY154,False,
Deals,IMPORT-DEAL-1DC1842AE5EB,121,synthetic_deal_id,info,deal_id,Assigned surrogate import key IMPORT-DEAL-1DC1842AE5EB due to missing source primary key,,False,Maintain surrogate key for import tracking
Deals,IMPORT-DEAL-1DC1842AE5EB,121,missing_probability,info,probability,Closure probability is missing (not imputed),nan,True,Provide win probability
Deals,IMPORT-DEAL-E6632E6040EC,122,customer_code_normalized,info,customer,Customer code normalized as 'COMPANY_186',COMPANY186,False,
Deals,IMPORT-DEAL-E6632E6040EC,122,synthetic_deal_id,info,deal_id,Assigned surrogate import key IMPORT-DEAL-E6632E6040EC due to missing source primary key,,False,Maintain surrogate key for import tracking
Deals,IMPORT-DEAL-E6632E6040EC,122,missing_deal_value,info,deal_value,Deal value is missing,nan,True,Provide estimated deal value
Deals,IMPORT-DEAL-E6632E6040EC,122,missing_probability,info,probability,Closure probability is missing (not imputed),nan,True,Provide win probability
Deals,IMPORT-DEAL-27F95718EAD4,123,customer_code_normalized,info,customer,Customer code normalized as 'COMPANY_005',COMPANY005,False,
Deals,IMPORT-DEAL-27F95718EAD4,123,synthetic_deal_id,info,deal_id,Assigned surrogate import key IMPORT-DEAL-27F95718EAD4 due to missing source primary key,,False,Maintain surrogate key for import tracking
Deals,IMPORT-DEAL-27F95718EAD4,123,missing_deal_value,info,deal_value,Deal value is missing,nan,True,Provide estimated deal value
Deals,IMPORT-DEAL-27F95718EAD4,123,missing_probability,info,probability,Closure probability is missing (not imputed),nan,True,Provide win probability
Deals,IMPORT-DEAL-6A372EBAB91A,124,customer_code_normalized,info,customer,Customer code normalized as 'COMPANY_199',COMPANY199,False,
Deals,IMPORT-DEAL-6A372EBAB91A,124,synthetic_deal_id,info,deal_id,Assigned surrogate import key IMPORT-DEAL-6A372EBAB91A due to missing source primary key,,False,Maintain surrogate key for import tracking
Deals,IMPORT-DEAL-6A372EBAB91A,124,missing_deal_value,info,deal_value,Deal value is missing,nan,True,Provide estimated deal value
Deals,IMPORT-DEAL-6A372EBAB91A,124,missing_probability,info,probability,Closure probability is missing (not imputed),nan,True,Provide win probability
Deals,IMPORT-DEAL-F9DCA0FCC6FB,125,customer_code_normalized,info,customer,Customer code normalized as 'COMPANY_071',COMPANY071,False,
Deals,IMPORT-DEAL-F9DCA0FCC6FB,125,synthetic_deal_id,info,deal_id,Assigned surrogate import key IMPORT-DEAL-F9DCA0FCC6FB due to missing source primary key,,False,Maintain surrogate key for import tracking
Deals,IMPORT-DEAL-F9DCA0FCC6FB,125,missing_probability,info,probability,Closure probability is missing (not imputed),nan,True,Provide win probability
Deals,IMPORT-DEAL-CED061A890D4,126,customer_code_normalized,info,customer,Customer code normalized as 'COMPANY_027',COMPANY027,False,
Deals,IMPORT-DEAL-CED061A890D4,126,synthetic_deal_id,info,deal_id,Assigned surrogate import key IMPORT-DEAL-CED061A890D4 due to missing source primary key,,False,Maintain surrogate key for import tracking
Deals,IMPORT-DEAL-CED061A890D4,126,missing_deal_value,info,deal_value,Deal value is missing,nan,True,Provide estimated deal value
Deals,IMPORT-DEAL-CED061A890D4,126,missing_probability,info,probability,Closure probability is missing (not imputed),nan,True,Provide win probability
Deals,IMPORT-DEAL-D99FE585E757,127,customer_code_normalized,info,customer,Customer code normalized as 'COMPANY_186',COMPANY186,False,
Deals,IMPORT-DEAL-D99FE585E757,127,synthetic_deal_id,info,deal_id,Assigned surrogate import key IMPORT-DEAL-D99FE585E757 due to missing source primary key,,False,Maintain surrogate key for import tracking
Deals,IMPORT-DEAL-D99FE585E757,127,missing_deal_value,info,deal_value,Deal value is missing,nan,True,Provide estimated deal value
Deals,IMPORT-DEAL-D99FE585E757,127,missing_probability,info,probability,Closure probability is missing (not imputed),nan,True,Provide win probability
Deals,IMPORT-DEAL-F67AFF34BCC1,128,customer_code_normalized,info,customer,Customer code normalized as 'COMPANY_101',COMPANY101,False,
Deals,IMPORT-DEAL-F67AFF34BCC1,128,synthetic_deal_id,info,deal_id,Assigned surrogate import key IMPORT-DEAL-F67AFF34BCC1 due to missing source primary key,,False,Maintain surrogate key for import tracking
Deals,IMPORT-DEAL-F67AFF34BCC1,128,missing_probability,info,probability,Closure probability is missing (not imputed),nan,True,Provide win probability
Deals,IMPORT-DEAL-ABF051FE85FB,129,customer_code_normalized,info,customer,Customer code normalized as 'COMPANY_066',COMPANY066,False,
Deals,IMPORT-DEAL-ABF051FE85FB,129,synthetic_deal_id,info,deal_id,Assigned surrogate import key IMPORT-DEAL-ABF051FE85FB due to missing source primary key,,False,Maintain surrogate key for import tracking
Deals,IMPORT-DEAL-ABF051FE85FB,129,missing_deal_value,info,deal_value,Deal value is missing,nan,True,Provide estimated deal value
Deals,IMPORT-DEAL-ABF051FE85FB,129,missing_probability,info,probability,Closure probability is missing (not imputed),nan,True,Provide win probability
Deals,IMPORT-DEAL-575674EBE666,130,customer_code_normalized,info,customer,Customer code normalized as 'COMPANY_198',COMPANY198,False,
Deals,IMPORT-DEAL-575674EBE666,130,synthetic_deal_id,info,deal_id,Assigned surrogate import key IMPORT-DEAL-575674EBE666 due to missing source primary key,,False,Maintain surrogate key for import tracking
Deals,IMPORT-DEAL-575674EBE666,130,missing_deal_value,info,deal_value,Deal value is missing,nan,True,Provide estimated deal value
Deals,IMPORT-DEAL-575674EBE666,130,missing_probability,info,probability,Closure probability is missing (not imputed),nan,True,Provide win probability
Deals,IMPORT-DEAL-DAD6045B1091,131,customer_code_normalized,info,customer,Customer code normalized as 'COMPANY_176',COMPANY176,False,
Deals,IMPORT-DEAL-DAD6045B1091,131,synthetic_deal_id,info,deal_id,Assigned surrogate import key IMPORT-DEAL-DAD6045B1091 due to missing source primary key,,False,Maintain surrogate key for import tracking
Deals,IMPORT-DEAL-DAD6045B1091,131,missing_deal_value,info,deal_value,Deal value is missing,nan,True,Provide estimated deal value
Deals,IMPORT-DEAL-DAD6045B1091,131,missing_probability,info,probability,Closure probability is missing (not imputed),nan,True,Provide win probability
Deals,IMPORT-DEAL-71CB16993D6D,132,customer_code_normalized,info,customer,Customer code normalized as 'COMPANY_145',COMPANY145,False,
Deals,IMPORT-DEAL-71CB16993D6D,132,synthetic_deal_id,info,deal_id,Assigned surrogate import key IMPORT-DEAL-71CB16993D6D due to missing source primary key,,False,Maintain surrogate key for import tracking
Deals,IMPORT-DEAL-71CB16993D6D,132,missing_probability,info,probability,Closure probability is missing (not imputed),nan,True,Provide win probability
Deals,IMPORT-DEAL-47AE0839F6E5,133,customer_code_normalized,info,customer,Customer code normalized as 'COMPANY_058',COMPANY058,False,
Deals,IMPORT-DEAL-47AE0839F6E5,133,synthetic_deal_id,info,deal_id,Assigned surrogate import key IMPORT-DEAL-47AE0839F6E5 due to missing source primary key,,False,Maintain surrogate key for import tracking
Deals,IMPORT-DEAL-47AE0839F6E5,133,missing_probability,info,probability,Closure probability is missing (not imputed),nan,True,Provide win probability
Deals,IMPORT-DEAL-C64EE2F2E3E5,134,customer_code_normalized,info,customer,Customer code normalized as 'COMPANY_155',COMPANY155,False,
Deals,IMPORT-DEAL-C64EE2F2E3E5,134,synthetic_deal_id,info,deal_id,Assigned surrogate import key IMPORT-DEAL-C64EE2F2E3E5 due to missing source primary key,,False,Maintain surrogate key for import tracking
Deals,IMPORT-DEAL-C64EE2F2E3E5,134,missing_deal_value,info,deal_value,Deal value is missing,nan,True,Provide estimated deal value
Deals,IMPORT-DEAL-C64EE2F2E3E5,134,missing_probability,info,probability,Closure probability is missing (not imputed),nan,True,Provide win probability
Deals,IMPORT-DEAL-89B4F40D364D,135,customer_code_normalized,info,customer,Customer code normalized as 'COMPANY_133',COMPANY133,False,
Deals,IMPORT-DEAL-89B4F40D364D,135,synthetic_deal_id,info,deal_id,Assigned surrogate import key IMPORT-DEAL-89B4F40D364D due to missing source primary key,,False,Maintain surrogate key for import tracking
Deals,IMPORT-DEAL-89B4F40D364D,135,missing_probability,info,probability,Closure probability is missing (not imputed),nan,True,Provide win probability
Deals,IMPORT-DEAL-2D912E106086,136,customer_code_normalized,info,customer,Customer code normalized as 'COMPANY_018',COMPANY018,False,
Deals,IMPORT-DEAL-2D912E106086,136,synthetic_deal_id,info,deal_id,Assigned surrogate import key IMPORT-DEAL-2D912E106086 due to missing source primary key,,False,Maintain surrogate key for import tracking
Deals,IMPORT-DEAL-2D912E106086,136,missing_probability,info,probability,Closure probability is missing (not imputed),nan,True,Provide win probability
Deals,IMPORT-DEAL-883F7054980F,137,customer_code_normalized,info,customer,Customer code normalized as 'COMPANY_114',COMPANY114,False,
Deals,IMPORT-DEAL-883F7054980F,137,synthetic_deal_id,info,deal_id,Assigned surrogate import key IMPORT-DEAL-883F7054980F due to missing source primary key,,False,Maintain surrogate key for import tracking
Deals,IMPORT-DEAL-883F7054980F,137,missing_deal_value,info,deal_value,Deal value is missing,nan,True,Provide estimated deal value
Deals,IMPORT-DEAL-883F7054980F,137,missing_probability,info,probability,Closure probability is missing (not imputed),nan,True,Provide win probability
Deals,IMPORT-DEAL-884A9F653DD0,138,customer_code_normalized,info,customer,Customer code normalized as 'COMPANY_073',COMPANY073,False,
Deals,IMPORT-DEAL-884A9F653DD0,138,synthetic_deal_id,info,deal_id,Assigned surrogate import key IMPORT-DEAL-884A9F653DD0 due to missing source primary key,,False,Maintain surrogate key for import tracking
Deals,IMPORT-DEAL-884A9F653DD0,138,missing_deal_value,info,deal_value,Deal value is missing,nan,True,Provide estimated deal value
Deals,IMPORT-DEAL-884A9F653DD0,138,missing_probability,info,probability,Closure probability is missing (not imputed),nan,True,Provide win probability
Deals,IMPORT-DEAL-EC915809BAB8,139,customer_code_normalized,info,customer,Customer code normalized as 'COMPANY_167',COMPANY167,False,
Deals,IMPORT-DEAL-EC915809BAB8,139,synthetic_deal_id,info,deal_id,Assigned surrogate import key IMPORT-DEAL-EC915809BAB8 due to missing source primary key,,False,Maintain surrogate key for import tracking
Deals,IMPORT-DEAL-EC915809BAB8,139,missing_deal_value,info,deal_value,Deal value is missing,nan,True,Provide estimated deal value
Deals,IMPORT-DEAL-EC915809BAB8,139,missing_probability,info,probability,Closure probability is missing (not imputed),nan,True,Provide win probability
Deals,IMPORT-DEAL-A41A731B5BBC,140,customer_code_normalized,info,customer,Customer code normalized as 'COMPANY_122',COMPANY122,False,
Deals,IMPORT-DEAL-A41A731B5BBC,140,synthetic_deal_id,info,deal_id,Assigned surrogate import key IMPORT-DEAL-A41A731B5BBC due to missing source primary key,,False,Maintain surrogate key for import tracking
Deals,IMPORT-DEAL-A41A731B5BBC,140,missing_deal_value,info,deal_value,Deal value is missing,nan,True,Provide estimated deal value
Deals,IMPORT-DEAL-A41A731B5BBC,140,missing_probability,info,probability,Closure probability is missing (not imputed),nan,True,Provide win probability
Deals,IMPORT-DEAL-F3E124161FB6,141,customer_code_normalized,info,customer,Customer code normalized as 'COMPANY_075',COMPANY075,False,
Deals,IMPORT-DEAL-F3E124161FB6,141,synthetic_deal_id,info,deal_id,Assigned surrogate import key IMPORT-DEAL-F3E124161FB6 due to missing source primary key,,False,Maintain surrogate key for import tracking
Deals,IMPORT-DEAL-F3E124161FB6,141,missing_deal_value,info,deal_value,Deal value is missing,nan,True,Provide estimated deal value
Deals,IMPORT-DEAL-F3E124161FB6,141,missing_probability,info,probability,Closure probability is missing (not imputed),nan,True,Provide win probability
Deals,IMPORT-DEAL-F006787088D5,142,customer_code_normalized,info,customer,Customer code normalized as 'COMPANY_098',COMPANY098,False,
Deals,IMPORT-DEAL-F006787088D5,142,synthetic_deal_id,info,deal_id,Assigned surrogate import key IMPORT-DEAL-F006787088D5 due to missing source primary key,,False,Maintain surrogate key for import tracking
Deals,IMPORT-DEAL-F006787088D5,142,missing_probability,info,probability,Closure probability is missing (not imputed),nan,True,Provide win probability
Deals,IMPORT-DEAL-EE9418344E96,143,customer_code_normalized,info,customer,Customer code normalized as 'COMPANY_065',COMPANY065,False,
Deals,IMPORT-DEAL-EE9418344E96,143,synthetic_deal_id,info,deal_id,Assigned surrogate import key IMPORT-DEAL-EE9418344E96 due to missing source primary key,,False,Maintain surrogate key for import tracking
Deals,IMPORT-DEAL-EE9418344E96,143,missing_deal_value,info,deal_value,Deal value is missing,nan,True,Provide estimated deal value
Deals,IMPORT-DEAL-EE9418344E96,143,missing_probability,info,probability,Closure probability is missing (not imputed),nan,True,Provide win probability
Deals,IMPORT-DEAL-26194A11E6C2,144,customer_code_normalized,info,customer,Customer code normalized as 'COMPANY_200',COMPANY200,False,
Deals,IMPORT-DEAL-26194A11E6C2,144,synthetic_deal_id,info,deal_id,Assigned surrogate import key IMPORT-DEAL-26194A11E6C2 due to missing source primary key,,False,Maintain surrogate key for import tracking
Deals,IMPORT-DEAL-26194A11E6C2,144,missing_deal_value,info,deal_value,Deal value is missing,nan,True,Provide estimated deal value
Deals,IMPORT-DEAL-26194A11E6C2,144,missing_probability,info,probability,Closure probability is missing (not imputed),nan,True,Provide win probability
Deals,IMPORT-DEAL-A1A50917E004,145,customer_code_normalized,info,customer,Customer code normalized as 'COMPANY_148',COMPANY148,False,
Deals,IMPORT-DEAL-A1A50917E004,145,synthetic_deal_id,info,deal_id,Assigned surrogate import key IMPORT-DEAL-A1A50917E004 due to missing source primary key,,False,Maintain surrogate key for import tracking
Deals,IMPORT-DEAL-A1A50917E004,145,missing_deal_value,info,deal_value,Deal value is missing,nan,True,Provide estimated deal value
Deals,IMPORT-DEAL-A1A50917E004,145,missing_probability,info,probability,Closure probability is missing (not imputed),nan,True,Provide win probability
Deals,IMPORT-DEAL-4839B52CCE68,146,customer_code_normalized,info,customer,Customer code normalized as 'COMPANY_191',COMPANY191,False,
Deals,IMPORT-DEAL-4839B52CCE68,146,synthetic_deal_id,info,deal_id,Assigned surrogate import key IMPORT-DEAL-4839B52CCE68 due to missing source primary key,,False,Maintain surrogate key for import tracking
Deals,IMPORT-DEAL-4839B52CCE68,146,missing_deal_value,info,deal_value,Deal value is missing,nan,True,Provide estimated deal value
Deals,IMPORT-DEAL-4839B52CCE68,146,missing_probability,info,probability,Closure probability is missing (not imputed),nan,True,Provide win probability
Deals,IMPORT-DEAL-153F315B6D2C,147,customer_code_normalized,info,customer,Customer code normalized as 'COMPANY_152',COMPANY152,False,
Deals,IMPORT-DEAL-153F315B6D2C,147,synthetic_deal_id,info,deal_id,Assigned surrogate import key IMPORT-DEAL-153F315B6D2C due to missing source primary key,,False,Maintain surrogate key for import tracking
Deals,IMPORT-DEAL-153F315B6D2C,147,missing_probability,info,probability,Closure probability is missing (not imputed),nan,True,Provide win probability
Deals,IMPORT-DEAL-55EB4022824F,148,customer_code_normalized,info,customer,Customer code normalized as 'COMPANY_034',COMPANY034,False,
Deals,IMPORT-DEAL-55EB4022824F,148,synthetic_deal_id,info,deal_id,Assigned surrogate import key IMPORT-DEAL-55EB4022824F due to missing source primary key,,False,Maintain surrogate key for import tracking
Deals,IMPORT-DEAL-55EB4022824F,148,missing_deal_value,info,deal_value,Deal value is missing,nan,True,Provide estimated deal value
Deals,IMPORT-DEAL-55EB4022824F,148,missing_probability,info,probability,Closure probability is missing (not imputed),nan,True,Provide win probability
Deals,IMPORT-DEAL-0ED386365F89,149,customer_code_normalized,info,customer,Customer code normalized as 'COMPANY_181',COMPANY181,False,
Deals,IMPORT-DEAL-0ED386365F89,149,synthetic_deal_id,info,deal_id,Assigned surrogate import key IMPORT-DEAL-0ED386365F89 due to missing source primary key,,False,Maintain surrogate key for import tracking
Deals,IMPORT-DEAL-0ED386365F89,149,missing_deal_value,info,deal_value,Deal value is missing,nan,True,Provide estimated deal value
Deals,IMPORT-DEAL-0ED386365F89,149,missing_probability,info,probability,Closure probability is missing (not imputed),nan,True,Provide win probability
Deals,IMPORT-DEAL-04C7553C86F2,150,customer_code_normalized,info,customer,Customer code normalized as 'COMPANY_023',COMPANY023,False,
Deals,IMPORT-DEAL-04C7553C86F2,150,synthetic_deal_id,info,deal_id,Assigned surrogate import key IMPORT-DEAL-04C7553C86F2 due to missing source primary key,,False,Maintain surrogate key for import tracking
Deals,IMPORT-DEAL-04C7553C86F2,150,missing_deal_value,info,deal_value,Deal value is missing,nan,True,Provide estimated deal value
Deals,IMPORT-DEAL-04C7553C86F2,150,missing_probability,info,probability,Closure probability is missing (not imputed),nan,True,Provide win probability
Deals,IMPORT-DEAL-9B1BB6AECC91,151,customer_code_normalized,info,customer,Customer code normalized as 'COMPANY_128',COMPANY128,False,
Deals,IMPORT-DEAL-9B1BB6AECC91,151,synthetic_deal_id,info,deal_id,Assigned surrogate import key IMPORT-DEAL-9B1BB6AECC91 due to missing source primary key,,False,Maintain surrogate key for import tracking
Deals,IMPORT-DEAL-9B1BB6AECC91,151,missing_deal_value,info,deal_value,Deal value is missing,nan,True,Provide estimated deal value
Deals,IMPORT-DEAL-9B1BB6AECC91,151,missing_probability,info,probability,Closure probability is missing (not imputed),nan,True,Provide win probability
Deals,IMPORT-DEAL-CAFA8E6DE647,152,customer_code_normalized,info,customer,Customer code normalized as 'COMPANY_133',COMPANY133,False,
Deals,IMPORT-DEAL-CAFA8E6DE647,152,synthetic_deal_id,info,deal_id,Assigned surrogate import key IMPORT-DEAL-CAFA8E6DE647 due to missing source primary key,,False,Maintain surrogate key for import tracking
Deals,IMPORT-DEAL-CAFA8E6DE647,152,missing_probability,info,probability,Closure probability is missing (not imputed),nan,True,Provide win probability
Deals,IMPORT-DEAL-34102AD03DA3,153,customer_code_normalized,info,customer,Customer code normalized as 'COMPANY_133',COMPANY133,False,
Deals,IMPORT-DEAL-34102AD03DA3,153,synthetic_deal_id,info,deal_id,Assigned surrogate import key IMPORT-DEAL-34102AD03DA3 due to missing source primary key,,False,Maintain surrogate key for import tracking
Deals,IMPORT-DEAL-34102AD03DA3,153,missing_probability,info,probability,Closure probability is missing (not imputed),nan,True,Provide win probability
Deals,IMPORT-DEAL-DF8EC4BB2B12,154,customer_code_normalized,info,customer,Customer code normalized as 'COMPANY_030',COMPANY030,False,
Deals,IMPORT-DEAL-DF8EC4BB2B12,154,synthetic_deal_id,info,deal_id,Assigned surrogate import key IMPORT-DEAL-DF8EC4BB2B12 due to missing source primary key,,False,Maintain surrogate key for import tracking
Deals,IMPORT-DEAL-DF8EC4BB2B12,154,missing_probability,info,probability,Closure probability is missing (not imputed),nan,True,Provide win probability
Deals,IMPORT-DEAL-D13EF72073D7,155,customer_code_normalized,info,customer,Customer code normalized as 'COMPANY_082',COMPANY082,False,
Deals,IMPORT-DEAL-D13EF72073D7,155,synthetic_deal_id,info,deal_id,Assigned surrogate import key IMPORT-DEAL-D13EF72073D7 due to missing source primary key,,False,Maintain surrogate key for import tracking
Deals,IMPORT-DEAL-D13EF72073D7,155,missing_probability,info,probability,Closure probability is missing (not imputed),nan,True,Provide win probability
Deals,IMPORT-DEAL-83AEE5CAAEA8,156,customer_code_normalized,info,customer,Customer code normalized as 'COMPANY_007',COMPANY007,False,
Deals,IMPORT-DEAL-83AEE5CAAEA8,156,synthetic_deal_id,info,deal_id,Assigned surrogate import key IMPORT-DEAL-83AEE5CAAEA8 due to missing source primary key,,False,Maintain surrogate key for import tracking
Deals,IMPORT-DEAL-83AEE5CAAEA8,156,missing_probability,info,probability,Closure probability is missing (not imputed),nan,True,Provide win probability
Deals,IMPORT-DEAL-C046C5095996,157,customer_code_normalized,info,customer,Customer code normalized as 'COMPANY_006',COMPANY006,False,
Deals,IMPORT-DEAL-C046C5095996,157,synthetic_deal_id,info,deal_id,Assigned surrogate import key IMPORT-DEAL-C046C5095996 due to missing source primary key,,False,Maintain surrogate key for import tracking
Deals,IMPORT-DEAL-C046C5095996,157,missing_probability,info,probability,Closure probability is missing (not imputed),nan,True,Provide win probability
Deals,IMPORT-DEAL-A4B2F94BF0E3,158,customer_code_normalized,info,customer,Customer code normalized as 'COMPANY_053',COMPANY053,False,
Deals,IMPORT-DEAL-A4B2F94BF0E3,158,synthetic_deal_id,info,deal_id,Assigned surrogate import key IMPORT-DEAL-A4B2F94BF0E3 due to missing source primary key,,False,Maintain surrogate key for import tracking
Deals,IMPORT-DEAL-A4B2F94BF0E3,158,missing_deal_value,info,deal_value,Deal value is missing,nan,True,Provide estimated deal value
Deals,IMPORT-DEAL-A4B2F94BF0E3,158,missing_probability,info,probability,Closure probability is missing (not imputed),nan,True,Provide win probability
Deals,IMPORT-DEAL-5E764F092917,159,customer_code_normalized,info,customer,Customer code normalized as 'COMPANY_174',COMPANY174,False,
Deals,IMPORT-DEAL-5E764F092917,159,synthetic_deal_id,info,deal_id,Assigned surrogate import key IMPORT-DEAL-5E764F092917 due to missing source primary key,,False,Maintain surrogate key for import tracking
Deals,IMPORT-DEAL-5E764F092917,159,missing_deal_value,info,deal_value,Deal value is missing,nan,True,Provide estimated deal value
Deals,IMPORT-DEAL-5E764F092917,159,missing_probability,info,probability,Closure probability is missing (not imputed),nan,True,Provide win probability
Deals,IMPORT-DEAL-7CFA081F507E,160,customer_code_normalized,info,customer,Customer code normalized as 'COMPANY_158',COMPANY158,False,
Deals,IMPORT-DEAL-7CFA081F507E,160,synthetic_deal_id,info,deal_id,Assigned surrogate import key IMPORT-DEAL-7CFA081F507E due to missing source primary key,,False,Maintain surrogate key for import tracking
Deals,IMPORT-DEAL-7CFA081F507E,160,missing_deal_value,info,deal_value,Deal value is missing,nan,True,Provide estimated deal value
Deals,IMPORT-DEAL-7CFA081F507E,160,missing_probability,info,probability,Closure probability is missing (not imputed),nan,True,Provide win probability
Deals,IMPORT-DEAL-DE7E7746A094,161,customer_code_normalized,info,customer,Customer code normalized as 'COMPANY_007',COMPANY007,False,
Deals,IMPORT-DEAL-DE7E7746A094,161,synthetic_deal_id,info,deal_id,Assigned surrogate import key IMPORT-DEAL-DE7E7746A094 due to missing source primary key,,False,Maintain surrogate key for import tracking
Deals,IMPORT-DEAL-DE7E7746A094,161,missing_probability,info,probability,Closure probability is missing (not imputed),nan,True,Provide win probability
Deals,IMPORT-DEAL-C4F8088CC090,162,customer_code_normalized,info,customer,Customer code normalized as 'COMPANY_008',COMPANY008,False,
Deals,IMPORT-DEAL-C4F8088CC090,162,synthetic_deal_id,info,deal_id,Assigned surrogate import key IMPORT-DEAL-C4F8088CC090 due to missing source primary key,,False,Maintain surrogate key for import tracking
Deals,IMPORT-DEAL-C4F8088CC090,162,missing_deal_value,info,deal_value,Deal value is missing,nan,True,Provide estimated deal value
Deals,IMPORT-DEAL-C4F8088CC090,162,missing_probability,info,probability,Closure probability is missing (not imputed),nan,True,Provide win probability
Deals,IMPORT-DEAL-FFA2EF0D0C3D,163,customer_code_normalized,info,customer,Customer code normalized as 'COMPANY_081',COMPANY081,False,
Deals,IMPORT-DEAL-FFA2EF0D0C3D,163,synthetic_deal_id,info,deal_id,Assigned surrogate import key IMPORT-DEAL-FFA2EF0D0C3D due to missing source primary key,,False,Maintain surrogate key for import tracking
Deals,IMPORT-DEAL-FFA2EF0D0C3D,163,missing_probability,info,probability,Closure probability is missing (not imputed),nan,True,Provide win probability
Deals,IMPORT-DEAL-126C64772C89,164,customer_code_normalized,info,customer,Customer code normalized as 'COMPANY_079',COMPANY079,False,
Deals,IMPORT-DEAL-126C64772C89,164,synthetic_deal_id,info,deal_id,Assigned surrogate import key IMPORT-DEAL-126C64772C89 due to missing source primary key,,False,Maintain surrogate key for import tracking
Deals,IMPORT-DEAL-126C64772C89,164,missing_deal_value,info,deal_value,Deal value is missing,nan,True,Provide estimated deal value
Deals,IMPORT-DEAL-126C64772C89,164,missing_probability,info,probability,Closure probability is missing (not imputed),nan,True,Provide win probability
Deals,IMPORT-DEAL-CFF49A321D1A,165,customer_code_normalized,info,customer,Customer code normalized as 'COMPANY_124',COMPANY124,False,
Deals,IMPORT-DEAL-CFF49A321D1A,165,synthetic_deal_id,info,deal_id,Assigned surrogate import key IMPORT-DEAL-CFF49A321D1A due to missing source primary key,,False,Maintain surrogate key for import tracking
Deals,IMPORT-DEAL-CFF49A321D1A,165,missing_deal_value,info,deal_value,Deal value is missing,nan,True,Provide estimated deal value
Deals,IMPORT-DEAL-CFF49A321D1A,165,missing_probability,info,probability,Closure probability is missing (not imputed),nan,True,Provide win probability
Deals,IMPORT-DEAL-FF5DA7B40448,166,customer_code_normalized,info,customer,Customer code normalized as 'COMPANY_195',COMPANY195,False,
Deals,IMPORT-DEAL-FF5DA7B40448,166,synthetic_deal_id,info,deal_id,Assigned surrogate import key IMPORT-DEAL-FF5DA7B40448 due to missing source primary key,,False,Maintain surrogate key for import tracking
Deals,IMPORT-DEAL-FF5DA7B40448,166,missing_deal_value,info,deal_value,Deal value is missing,nan,True,Provide estimated deal value
Deals,IMPORT-DEAL-FF5DA7B40448,166,missing_probability,info,probability,Closure probability is missing (not imputed),nan,True,Provide win probability
Deals,IMPORT-DEAL-A7401D36C6D6,167,customer_code_normalized,info,customer,Customer code normalized as 'COMPANY_119',COMPANY119,False,
Deals,IMPORT-DEAL-A7401D36C6D6,167,synthetic_deal_id,info,deal_id,Assigned surrogate import key IMPORT-DEAL-A7401D36C6D6 due to missing source primary key,,False,Maintain surrogate key for import tracking
Deals,IMPORT-DEAL-A7401D36C6D6,167,missing_deal_value,info,deal_value,Deal value is missing,nan,True,Provide estimated deal value
Deals,IMPORT-DEAL-A7401D36C6D6,167,missing_probability,info,probability,Closure probability is missing (not imputed),nan,True,Provide win probability
Deals,IMPORT-DEAL-96BFDA396B52,168,customer_code_normalized,info,customer,Customer code normalized as 'COMPANY_049',COMPANY049,False,
Deals,IMPORT-DEAL-96BFDA396B52,168,synthetic_deal_id,info,deal_id,Assigned surrogate import key IMPORT-DEAL-96BFDA396B52 due to missing source primary key,,False,Maintain surrogate key for import tracking
Deals,IMPORT-DEAL-96BFDA396B52,168,missing_probability,info,probability,Closure probability is missing (not imputed),nan,True,Provide win probability
Deals,IMPORT-DEAL-1B94F9971CC7,169,customer_code_normalized,info,customer,Customer code normalized as 'COMPANY_156',COMPANY156,False,
Deals,IMPORT-DEAL-1B94F9971CC7,169,synthetic_deal_id,info,deal_id,Assigned surrogate import key IMPORT-DEAL-1B94F9971CC7 due to missing source primary key,,False,Maintain surrogate key for import tracking
Deals,IMPORT-DEAL-1B94F9971CC7,169,missing_probability,info,probability,Closure probability is missing (not imputed),nan,True,Provide win probability
Deals,IMPORT-DEAL-BD60DECA4135,170,customer_code_normalized,info,customer,Customer code normalized as 'COMPANY_088',COMPANY088,False,
Deals,IMPORT-DEAL-BD60DECA4135,170,synthetic_deal_id,info,deal_id,Assigned surrogate import key IMPORT-DEAL-BD60DECA4135 due to missing source primary key,,False,Maintain surrogate key for import tracking
Deals,IMPORT-DEAL-BD60DECA4135,170,missing_deal_value,info,deal_value,Deal value is missing,nan,True,Provide estimated deal value
Deals,IMPORT-DEAL-BD60DECA4135,170,missing_probability,info,probability,Closure probability is missing (not imputed),nan,True,Provide win probability
Deals,IMPORT-DEAL-6147F9592D19,171,customer_code_normalized,info,customer,Customer code normalized as 'COMPANY_147',COMPANY147,False,
Deals,IMPORT-DEAL-6147F9592D19,171,synthetic_deal_id,info,deal_id,Assigned surrogate import key IMPORT-DEAL-6147F9592D19 due to missing source primary key,,False,Maintain surrogate key for import tracking
Deals,IMPORT-DEAL-6147F9592D19,171,missing_probability,info,probability,Closure probability is missing (not imputed),nan,True,Provide win probability
Deals,IMPORT-DEAL-5CE8650092A8,172,customer_code_normalized,info,customer,Customer code normalized as 'COMPANY_166',COMPANY166,False,
Deals,IMPORT-DEAL-5CE8650092A8,172,synthetic_deal_id,info,deal_id,Assigned surrogate import key IMPORT-DEAL-5CE8650092A8 due to missing source primary key,,False,Maintain surrogate key for import tracking
Deals,IMPORT-DEAL-5CE8650092A8,172,missing_probability,info,probability,Closure probability is missing (not imputed),nan,True,Provide win probability
Deals,IMPORT-DEAL-B5FB2DA912E9,173,customer_code_normalized,info,customer,Customer code normalized as 'COMPANY_035',COMPANY035,False,
Deals,IMPORT-DEAL-B5FB2DA912E9,173,synthetic_deal_id,info,deal_id,Assigned surrogate import key IMPORT-DEAL-B5FB2DA912E9 due to missing source primary key,,False,Maintain surrogate key for import tracking
Deals,IMPORT-DEAL-7C29C5E7A33A,174,customer_code_normalized,info,customer,Customer code normalized as 'COMPANY_189',COMPANY189,False,
Deals,IMPORT-DEAL-7C29C5E7A33A,174,synthetic_deal_id,info,deal_id,Assigned surrogate import key IMPORT-DEAL-7C29C5E7A33A due to missing source primary key,,False,Maintain surrogate key for import tracking
Deals,IMPORT-DEAL-7BAF1E471772,175,customer_code_normalized,info,customer,Customer code normalized as 'COMPANY_124',COMPANY124,False,
Deals,IMPORT-DEAL-7BAF1E471772,175,synthetic_deal_id,info,deal_id,Assigned surrogate import key IMPORT-DEAL-7BAF1E471772 due to missing source primary key,,False,Maintain surrogate key for import tracking
Deals,IMPORT-DEAL-D9D66CB2F8CB,176,customer_code_normalized,info,customer,Customer code normalized as 'COMPANY_117',COMPANY117,False,
Deals,IMPORT-DEAL-D9D66CB2F8CB,176,synthetic_deal_id,info,deal_id,Assigned surrogate import key IMPORT-DEAL-D9D66CB2F8CB due to missing source primary key,,False,Maintain surrogate key for import tracking
Deals,IMPORT-DEAL-F6EDC8A471F0,177,customer_code_normalized,info,customer,Customer code normalized as 'COMPANY_111',COMPANY111,False,
Deals,IMPORT-DEAL-F6EDC8A471F0,177,synthetic_deal_id,info,deal_id,Assigned surrogate import key IMPORT-DEAL-F6EDC8A471F0 due to missing source primary key,,False,Maintain surrogate key for import tracking
Deals,IMPORT-DEAL-47BC718B4EE1,178,customer_code_normalized,info,customer,Customer code normalized as 'COMPANY_007',COMPANY007,False,
Deals,IMPORT-DEAL-47BC718B4EE1,178,synthetic_deal_id,info,deal_id,Assigned surrogate import key IMPORT-DEAL-47BC718B4EE1 due to missing source primary key,,False,Maintain surrogate key for import tracking
Deals,IMPORT-DEAL-8F681AB326D3,179,customer_code_normalized,info,customer,Customer code normalized as 'COMPANY_010',COMPANY010,False,
Deals,IMPORT-DEAL-8F681AB326D3,179,synthetic_deal_id,info,deal_id,Assigned surrogate import key IMPORT-DEAL-8F681AB326D3 due to missing source primary key,,False,Maintain surrogate key for import tracking
Deals,IMPORT-DEAL-CDF7B0C98D74,180,customer_code_normalized,info,customer,Customer code normalized as 'COMPANY_105',COMPANY105,False,
Deals,IMPORT-DEAL-CDF7B0C98D74,180,synthetic_deal_id,info,deal_id,Assigned surrogate import key IMPORT-DEAL-CDF7B0C98D74 due to missing source primary key,,False,Maintain surrogate key for import tracking
Deals,IMPORT-DEAL-CDF7B0C98D74,180,missing_probability,info,probability,Closure probability is missing (not imputed),nan,True,Provide win probability
Deals,IMPORT-DEAL-E1F1D2C6CB6D,182,customer_code_normalized,info,customer,Customer code normalized as 'COMPANY_126',COMPANY126,False,
Deals,IMPORT-DEAL-E1F1D2C6CB6D,182,synthetic_deal_id,info,deal_id,Assigned surrogate import key IMPORT-DEAL-E1F1D2C6CB6D due to missing source primary key,,False,Maintain surrogate key for import tracking
Deals,IMPORT-DEAL-E1F1D2C6CB6D,182,missing_deal_value,info,deal_value,Deal value is missing,nan,True,Provide estimated deal value
Deals,IMPORT-DEAL-E1F1D2C6CB6D,182,missing_probability,info,probability,Closure probability is missing (not imputed),nan,True,Provide win probability
Deals,IMPORT-DEAL-E1F1D2C6CB6D,182,missing_exact_close_date,info,expected_close_date,Tentative close date is missing,nan,False,
Deals,IMPORT-DEAL-439B0B02B768,183,customer_code_normalized,info,customer,Customer code normalized as 'COMPANY_036',COMPANY036,False,
Deals,IMPORT-DEAL-439B0B02B768,183,synthetic_deal_id,info,deal_id,Assigned surrogate import key IMPORT-DEAL-439B0B02B768 due to missing source primary key,,False,Maintain surrogate key for import tracking
Deals,IMPORT-DEAL-439B0B02B768,183,missing_deal_value,info,deal_value,Deal value is missing,nan,True,Provide estimated deal value
Deals,IMPORT-DEAL-439B0B02B768,183,missing_probability,info,probability,Closure probability is missing (not imputed),nan,True,Provide win probability
Deals,IMPORT-DEAL-439B0B02B768,183,missing_exact_close_date,info,expected_close_date,Tentative close date is missing,nan,False,
Deals,IMPORT-DEAL-FF06391ADDCD,184,customer_code_normalized,info,customer,Customer code normalized as 'COMPANY_137',COMPANY137,False,
Deals,IMPORT-DEAL-FF06391ADDCD,184,synthetic_deal_id,info,deal_id,Assigned surrogate import key IMPORT-DEAL-FF06391ADDCD due to missing source primary key,,False,Maintain surrogate key for import tracking
Deals,IMPORT-DEAL-FF06391ADDCD,184,missing_deal_value,info,deal_value,Deal value is missing,nan,True,Provide estimated deal value
Deals,IMPORT-DEAL-FF06391ADDCD,184,missing_probability,info,probability,Closure probability is missing (not imputed),nan,True,Provide win probability
Deals,IMPORT-DEAL-FF06391ADDCD,184,missing_exact_close_date,info,expected_close_date,Tentative close date is missing,nan,False,
Deals,IMPORT-DEAL-3D747AC05CDD,186,customer_code_normalized,info,customer,Customer code normalized as 'COMPANY_137',COMPANY137,False,
Deals,IMPORT-DEAL-3D747AC05CDD,186,synthetic_deal_id,info,deal_id,Assigned surrogate import key IMPORT-DEAL-3D747AC05CDD due to missing source primary key,,False,Maintain surrogate key for import tracking
Deals,IMPORT-DEAL-3D747AC05CDD,186,missing_deal_value,info,deal_value,Deal value is missing,nan,True,Provide estimated deal value
Deals,IMPORT-DEAL-3D747AC05CDD,186,missing_probability,info,probability,Closure probability is missing (not imputed),nan,True,Provide win probability
Deals,IMPORT-DEAL-3D747AC05CDD,186,missing_exact_close_date,info,expected_close_date,Tentative close date is missing,nan,False,
Deals,IMPORT-DEAL-FA9F6BC2CD1C,188,customer_code_normalized,info,customer,Customer code normalized as 'COMPANY_024',COMPANY024,False,
Deals,IMPORT-DEAL-FA9F6BC2CD1C,188,synthetic_deal_id,info,deal_id,Assigned surrogate import key IMPORT-DEAL-FA9F6BC2CD1C due to missing source primary key,,False,Maintain surrogate key for import tracking
Deals,IMPORT-DEAL-FA9F6BC2CD1C,188,missing_deal_value,info,deal_value,Deal value is missing,nan,True,Provide estimated deal value
Deals,IMPORT-DEAL-FA9F6BC2CD1C,188,missing_probability,info,probability,Closure probability is missing (not imputed),nan,True,Provide win probability
Deals,IMPORT-DEAL-FA9F6BC2CD1C,188,missing_exact_close_date,info,expected_close_date,Tentative close date is missing,nan,False,
Deals,IMPORT-DEAL-77591838A781,191,customer_code_normalized,info,customer,Customer code normalized as 'COMPANY_024',COMPANY024,False,
Deals,IMPORT-DEAL-77591838A781,191,synthetic_deal_id,info,deal_id,Assigned surrogate import key IMPORT-DEAL-77591838A781 due to missing source primary key,,False,Maintain surrogate key for import tracking
Deals,IMPORT-DEAL-77591838A781,191,missing_deal_value,info,deal_value,Deal value is missing,nan,True,Provide estimated deal value
Deals,IMPORT-DEAL-77591838A781,191,missing_probability,info,probability,Closure probability is missing (not imputed),nan,True,Provide win probability
Deals,IMPORT-DEAL-77591838A781,191,missing_exact_close_date,info,expected_close_date,Tentative close date is missing,nan,False,
Deals,IMPORT-DEAL-148DE0E9B8D8,192,customer_code_normalized,info,customer,Customer code normalized as 'COMPANY_159',COMPANY159,False,
Deals,IMPORT-DEAL-148DE0E9B8D8,192,synthetic_deal_id,info,deal_id,Assigned surrogate import key IMPORT-DEAL-148DE0E9B8D8 due to missing source primary key,,False,Maintain surrogate key for import tracking
Deals,IMPORT-DEAL-148DE0E9B8D8,192,missing_deal_value,info,deal_value,Deal value is missing,nan,True,Provide estimated deal value
Deals,IMPORT-DEAL-148DE0E9B8D8,192,missing_probability,info,probability,Closure probability is missing (not imputed),nan,True,Provide win probability
Deals,IMPORT-DEAL-148DE0E9B8D8,192,missing_exact_close_date,info,expected_close_date,Tentative close date is missing,nan,False,
Deals,IMPORT-DEAL-D580995C8B06,193,customer_code_normalized,info,customer,Customer code normalized as 'COMPANY_001',COMPANY001,False,
Deals,IMPORT-DEAL-D580995C8B06,193,synthetic_deal_id,info,deal_id,Assigned surrogate import key IMPORT-DEAL-D580995C8B06 due to missing source primary key,,False,Maintain surrogate key for import tracking
Deals,IMPORT-DEAL-D580995C8B06,193,missing_deal_value,info,deal_value,Deal value is missing,nan,True,Provide estimated deal value
Deals,IMPORT-DEAL-D580995C8B06,193,missing_probability,info,probability,Closure probability is missing (not imputed),nan,True,Provide win probability
Deals,IMPORT-DEAL-D580995C8B06,193,missing_exact_close_date,info,expected_close_date,Tentative close date is missing,nan,False,
Deals,IMPORT-DEAL-A14694D69AD3,194,missing_deal_name,warning,deal_name,Deal Name is missing in raw row,nan,False,Assign descriptive deal name
Deals,IMPORT-DEAL-A14694D69AD3,194,customer_code_normalized,info,customer,Customer code normalized as 'COMPANY_165',COMPANY165,False,
Deals,IMPORT-DEAL-A14694D69AD3,194,synthetic_deal_id,info,deal_id,Assigned surrogate import key IMPORT-DEAL-A14694D69AD3 due to missing source primary key,,False,Maintain surrogate key for import tracking
Deals,IMPORT-DEAL-A14694D69AD3,194,missing_deal_value,info,deal_value,Deal value is missing,nan,True,Provide estimated deal value
Deals,IMPORT-DEAL-A14694D69AD3,194,missing_probability,info,probability,Closure probability is missing (not imputed),nan,True,Provide win probability
Deals,IMPORT-DEAL-A14694D69AD3,194,missing_exact_close_date,info,expected_close_date,Tentative close date is missing,nan,False,
Deals,IMPORT-DEAL-9E65C5A8FC2E,195,customer_code_normalized,info,customer,Customer code normalized as 'COMPANY_188',COMPANY188,False,
Deals,IMPORT-DEAL-9E65C5A8FC2E,195,synthetic_deal_id,info,deal_id,Assigned surrogate import key IMPORT-DEAL-9E65C5A8FC2E due to missing source primary key,,False,Maintain surrogate key for import tracking
Deals,IMPORT-DEAL-9E65C5A8FC2E,195,missing_deal_value,info,deal_value,Deal value is missing,nan,True,Provide estimated deal value
Deals,IMPORT-DEAL-9E65C5A8FC2E,195,missing_probability,info,probability,Closure probability is missing (not imputed),nan,True,Provide win probability
Deals,IMPORT-DEAL-9E65C5A8FC2E,195,missing_exact_close_date,info,expected_close_date,Tentative close date is missing,nan,False,
Deals,IMPORT-DEAL-19063CBC8D51,196,customer_code_normalized,info,customer,Customer code normalized as 'COMPANY_186',COMPANY186,False,
Deals,IMPORT-DEAL-19063CBC8D51,196,synthetic_deal_id,info,deal_id,Assigned surrogate import key IMPORT-DEAL-19063CBC8D51 due to missing source primary key,,False,Maintain surrogate key for import tracking
Deals,IMPORT-DEAL-19063CBC8D51,196,missing_deal_value,info,deal_value,Deal value is missing,nan,True,Provide estimated deal value
Deals,IMPORT-DEAL-19063CBC8D51,196,missing_probability,info,probability,Closure probability is missing (not imputed),nan,True,Provide win probability
Deals,IMPORT-DEAL-19063CBC8D51,196,missing_exact_close_date,info,expected_close_date,Tentative close date is missing,nan,False,
Deals,IMPORT-DEAL-F79AD148B5CB,197,customer_code_normalized,info,customer,Customer code normalized as 'COMPANY_085',COMPANY085,False,
Deals,IMPORT-DEAL-F79AD148B5CB,197,synthetic_deal_id,info,deal_id,Assigned surrogate import key IMPORT-DEAL-F79AD148B5CB due to missing source primary key,,False,Maintain surrogate key for import tracking
Deals,IMPORT-DEAL-F79AD148B5CB,197,missing_deal_value,info,deal_value,Deal value is missing,nan,True,Provide estimated deal value
Deals,IMPORT-DEAL-F79AD148B5CB,197,missing_probability,info,probability,Closure probability is missing (not imputed),nan,True,Provide win probability
Deals,IMPORT-DEAL-F79AD148B5CB,197,missing_exact_close_date,info,expected_close_date,Tentative close date is missing,nan,False,
Deals,IMPORT-DEAL-AAE9E6A0C095,198,customer_code_normalized,info,customer,Customer code normalized as 'COMPANY_192',COMPANY192,False,
Deals,IMPORT-DEAL-AAE9E6A0C095,198,synthetic_deal_id,info,deal_id,Assigned surrogate import key IMPORT-DEAL-AAE9E6A0C095 due to missing source primary key,,False,Maintain surrogate key for import tracking
Deals,IMPORT-DEAL-AAE9E6A0C095,198,missing_deal_value,info,deal_value,Deal value is missing,nan,True,Provide estimated deal value
Deals,IMPORT-DEAL-AAE9E6A0C095,198,missing_probability,info,probability,Closure probability is missing (not imputed),nan,True,Provide win probability
Deals,IMPORT-DEAL-AAE9E6A0C095,198,missing_exact_close_date,info,expected_close_date,Tentative close date is missing,nan,False,
Deals,IMPORT-DEAL-44B00B77877A,199,missing_deal_name,warning,deal_name,Deal Name is missing in raw row,nan,False,Assign descriptive deal name
Deals,IMPORT-DEAL-44B00B77877A,199,customer_code_normalized,info,customer,Customer code normalized as 'COMPANY_140',COMPANY140,False,
Deals,IMPORT-DEAL-44B00B77877A,199,synthetic_deal_id,info,deal_id,Assigned surrogate import key IMPORT-DEAL-44B00B77877A due to missing source primary key,,False,Maintain surrogate key for import tracking
Deals,IMPORT-DEAL-44B00B77877A,199,missing_deal_value,info,deal_value,Deal value is missing,nan,True,Provide estimated deal value
Deals,IMPORT-DEAL-44B00B77877A,199,missing_probability,info,probability,Closure probability is missing (not imputed),nan,True,Provide win probability
Deals,IMPORT-DEAL-44B00B77877A,199,missing_exact_close_date,info,expected_close_date,Tentative close date is missing,nan,False,
Deals,IMPORT-DEAL-5612110BCAD0,200,customer_code_normalized,info,customer,Customer code normalized as 'COMPANY_106',COMPANY106,False,
Deals,IMPORT-DEAL-5612110BCAD0,200,synthetic_deal_id,info,deal_id,Assigned surrogate import key IMPORT-DEAL-5612110BCAD0 due to missing source primary key,,False,Maintain surrogate key for import tracking
Deals,IMPORT-DEAL-5612110BCAD0,200,missing_deal_value,info,deal_value,Deal value is missing,nan,True,Provide estimated deal value
Deals,IMPORT-DEAL-5612110BCAD0,200,missing_probability,info,probability,Closure probability is missing (not imputed),nan,True,Provide win probability
Deals,IMPORT-DEAL-5612110BCAD0,200,missing_exact_close_date,info,expected_close_date,Tentative close date is missing,nan,False,
Deals,IMPORT-DEAL-8E1B32233B33,201,customer_code_normalized,info,customer,Customer code normalized as 'COMPANY_054',COMPANY054,False,
Deals,IMPORT-DEAL-8E1B32233B33,201,synthetic_deal_id,info,deal_id,Assigned surrogate import key IMPORT-DEAL-8E1B32233B33 due to missing source primary key,,False,Maintain surrogate key for import tracking
Deals,IMPORT-DEAL-8E1B32233B33,201,missing_deal_value,info,deal_value,Deal value is missing,nan,True,Provide estimated deal value
Deals,IMPORT-DEAL-8E1B32233B33,201,missing_probability,info,probability,Closure probability is missing (not imputed),nan,True,Provide win probability
Deals,IMPORT-DEAL-8E1B32233B33,201,missing_exact_close_date,info,expected_close_date,Tentative close date is missing,nan,False,
Deals,IMPORT-DEAL-6B1444E1F9B5,202,customer_code_normalized,info,customer,Customer code normalized as 'COMPANY_076',COMPANY076,False,
Deals,IMPORT-DEAL-6B1444E1F9B5,202,synthetic_deal_id,info,deal_id,Assigned surrogate import key IMPORT-DEAL-6B1444E1F9B5 due to missing source primary key,,False,Maintain surrogate key for import tracking
Deals,IMPORT-DEAL-6B1444E1F9B5,202,missing_deal_value,info,deal_value,Deal value is missing,nan,True,Provide estimated deal value
Deals,IMPORT-DEAL-6B1444E1F9B5,202,missing_probability,info,probability,Closure probability is missing (not imputed),nan,True,Provide win probability
Deals,IMPORT-DEAL-6B1444E1F9B5,202,missing_exact_close_date,info,expected_close_date,Tentative close date is missing,nan,False,
Deals,IMPORT-DEAL-3664EB74C69C,203,customer_code_normalized,info,customer,Customer code normalized as 'COMPANY_102',COMPANY102,False,
Deals,IMPORT-DEAL-3664EB74C69C,203,synthetic_deal_id,info,deal_id,Assigned surrogate import key IMPORT-DEAL-3664EB74C69C due to missing source primary key,,False,Maintain surrogate key for import tracking
Deals,IMPORT-DEAL-3664EB74C69C,203,missing_deal_value,info,deal_value,Deal value is missing,nan,True,Provide estimated deal value
Deals,IMPORT-DEAL-3664EB74C69C,203,missing_probability,info,probability,Closure probability is missing (not imputed),nan,True,Provide win probability
Deals,IMPORT-DEAL-3664EB74C69C,203,missing_exact_close_date,info,expected_close_date,Tentative close date is missing,nan,False,
Deals,IMPORT-DEAL-B50E5B0D1D2E,204,customer_code_normalized,info,customer,Customer code normalized as 'COMPANY_076',COMPANY076,False,
Deals,IMPORT-DEAL-B50E5B0D1D2E,204,synthetic_deal_id,info,deal_id,Assigned surrogate import key IMPORT-DEAL-B50E5B0D1D2E due to missing source primary key,,False,Maintain surrogate key for import tracking
Deals,IMPORT-DEAL-B50E5B0D1D2E,204,missing_deal_value,info,deal_value,Deal value is missing,nan,True,Provide estimated deal value
Deals,IMPORT-DEAL-B50E5B0D1D2E,204,missing_probability,info,probability,Closure probability is missing (not imputed),nan,True,Provide win probability
Deals,IMPORT-DEAL-B50E5B0D1D2E,204,missing_exact_close_date,info,expected_close_date,Tentative close date is missing,nan,False,
Deals,IMPORT-DEAL-D780E8A7CD4B,209,customer_code_normalized,info,customer,Customer code normalized as 'COMPANY_102',COMPANY102,False,
Deals,IMPORT-DEAL-D780E8A7CD4B,209,synthetic_deal_id,info,deal_id,Assigned surrogate import key IMPORT-DEAL-D780E8A7CD4B due to missing source primary key,,False,Maintain surrogate key for import tracking
Deals,IMPORT-DEAL-D780E8A7CD4B,209,missing_deal_value,info,deal_value,Deal value is missing,nan,True,Provide estimated deal value
Deals,IMPORT-DEAL-D780E8A7CD4B,209,missing_probability,info,probability,Closure probability is missing (not imputed),nan,True,Provide win probability
Deals,IMPORT-DEAL-D780E8A7CD4B,209,missing_exact_close_date,info,expected_close_date,Tentative close date is missing,nan,False,
Deals,IMPORT-DEAL-0E90B1CB6454,210,customer_code_normalized,info,customer,Customer code normalized as 'COMPANY_187',COMPANY187,False,
Deals,IMPORT-DEAL-0E90B1CB6454,210,synthetic_deal_id,info,deal_id,Assigned surrogate import key IMPORT-DEAL-0E90B1CB6454 due to missing source primary key,,False,Maintain surrogate key for import tracking
Deals,IMPORT-DEAL-0E90B1CB6454,210,missing_deal_value,info,deal_value,Deal value is missing,nan,True,Provide estimated deal value
Deals,IMPORT-DEAL-0E90B1CB6454,210,missing_probability,info,probability,Closure probability is missing (not imputed),nan,True,Provide win probability
Deals,IMPORT-DEAL-0E90B1CB6454,210,missing_exact_close_date,info,expected_close_date,Tentative close date is missing,nan,False,
Deals,IMPORT-DEAL-B2405DF9A714,211,customer_code_normalized,info,customer,Customer code normalized as 'COMPANY_169',COMPANY169,False,
Deals,IMPORT-DEAL-B2405DF9A714,211,synthetic_deal_id,info,deal_id,Assigned surrogate import key IMPORT-DEAL-B2405DF9A714 due to missing source primary key,,False,Maintain surrogate key for import tracking
Deals,IMPORT-DEAL-B2405DF9A714,211,missing_deal_value,info,deal_value,Deal value is missing,nan,True,Provide estimated deal value
Deals,IMPORT-DEAL-B2405DF9A714,211,missing_exact_close_date,info,expected_close_date,Tentative close date is missing,nan,False,
Deals,IMPORT-DEAL-B6984644170C,213,customer_code_normalized,info,customer,Customer code normalized as 'COMPANY_076',COMPANY076,False,
Deals,IMPORT-DEAL-B6984644170C,213,synthetic_deal_id,info,deal_id,Assigned surrogate import key IMPORT-DEAL-B6984644170C due to missing source primary key,,False,Maintain surrogate key for import tracking
Deals,IMPORT-DEAL-B6984644170C,213,missing_deal_value,info,deal_value,Deal value is missing,nan,True,Provide estimated deal value
Deals,IMPORT-DEAL-B6984644170C,213,missing_probability,info,probability,Closure probability is missing (not imputed),nan,True,Provide win probability
Deals,IMPORT-DEAL-B6984644170C,213,missing_exact_close_date,info,expected_close_date,Tentative close date is missing,nan,False,
Deals,IMPORT-DEAL-8D0DEE5B7F13,214,customer_code_normalized,info,customer,Customer code normalized as 'COMPANY_153',COMPANY153,False,
Deals,IMPORT-DEAL-8D0DEE5B7F13,214,synthetic_deal_id,info,deal_id,Assigned surrogate import key IMPORT-DEAL-8D0DEE5B7F13 due to missing source primary key,,False,Maintain surrogate key for import tracking
Deals,IMPORT-DEAL-8D0DEE5B7F13,214,missing_deal_value,info,deal_value,Deal value is missing,nan,True,Provide estimated deal value
Deals,IMPORT-DEAL-8D0DEE5B7F13,214,missing_probability,info,probability,Closure probability is missing (not imputed),nan,True,Provide win probability
Deals,IMPORT-DEAL-8D0DEE5B7F13,214,missing_exact_close_date,info,expected_close_date,Tentative close date is missing,nan,False,
Deals,IMPORT-DEAL-3DD0FA600793,215,customer_code_normalized,info,customer,Customer code normalized as 'COMPANY_013',COMPANY013,False,
Deals,IMPORT-DEAL-3DD0FA600793,215,synthetic_deal_id,info,deal_id,Assigned surrogate import key IMPORT-DEAL-3DD0FA600793 due to missing source primary key,,False,Maintain surrogate key for import tracking
Deals,IMPORT-DEAL-3DD0FA600793,215,missing_deal_value,info,deal_value,Deal value is missing,nan,True,Provide estimated deal value
Deals,IMPORT-DEAL-3DD0FA600793,215,missing_probability,info,probability,Closure probability is missing (not imputed),nan,True,Provide win probability
Deals,IMPORT-DEAL-3DD0FA600793,215,missing_exact_close_date,info,expected_close_date,Tentative close date is missing,nan,False,
Deals,IMPORT-DEAL-CA0BCF5747C2,216,customer_code_normalized,info,customer,Customer code normalized as 'COMPANY_141',COMPANY141,False,
Deals,IMPORT-DEAL-CA0BCF5747C2,216,synthetic_deal_id,info,deal_id,Assigned surrogate import key IMPORT-DEAL-CA0BCF5747C2 due to missing source primary key,,False,Maintain surrogate key for import tracking
Deals,IMPORT-DEAL-CA0BCF5747C2,216,missing_deal_value,info,deal_value,Deal value is missing,nan,True,Provide estimated deal value
Deals,IMPORT-DEAL-CA0BCF5747C2,216,missing_probability,info,probability,Closure probability is missing (not imputed),nan,True,Provide win probability
Deals,IMPORT-DEAL-CA0BCF5747C2,216,missing_exact_close_date,info,expected_close_date,Tentative close date is missing,nan,False,
Deals,IMPORT-DEAL-2EEF121A769A,217,customer_code_normalized,info,customer,Customer code normalized as 'COMPANY_099',COMPANY099,False,
Deals,IMPORT-DEAL-2EEF121A769A,217,synthetic_deal_id,info,deal_id,Assigned surrogate import key IMPORT-DEAL-2EEF121A769A due to missing source primary key,,False,Maintain surrogate key for import tracking
Deals,IMPORT-DEAL-2EEF121A769A,217,missing_deal_value,info,deal_value,Deal value is missing,nan,True,Provide estimated deal value
Deals,IMPORT-DEAL-2EEF121A769A,217,missing_probability,info,probability,Closure probability is missing (not imputed),nan,True,Provide win probability
Deals,IMPORT-DEAL-2EEF121A769A,217,missing_exact_close_date,info,expected_close_date,Tentative close date is missing,nan,False,
Deals,IMPORT-DEAL-C8934FAC45A0,218,customer_code_normalized,info,customer,Customer code normalized as 'COMPANY_137',COMPANY137,False,
Deals,IMPORT-DEAL-C8934FAC45A0,218,synthetic_deal_id,info,deal_id,Assigned surrogate import key IMPORT-DEAL-C8934FAC45A0 due to missing source primary key,,False,Maintain surrogate key for import tracking
Deals,IMPORT-DEAL-C8934FAC45A0,218,missing_deal_value,info,deal_value,Deal value is missing,nan,True,Provide estimated deal value
Deals,IMPORT-DEAL-C8934FAC45A0,218,missing_probability,info,probability,Closure probability is missing (not imputed),nan,True,Provide win probability
Deals,IMPORT-DEAL-C8934FAC45A0,218,missing_exact_close_date,info,expected_close_date,Tentative close date is missing,nan,False,
Deals,IMPORT-DEAL-1A2B76F54C9E,219,customer_code_normalized,info,customer,Customer code normalized as 'COMPANY_100',COMPANY100,False,
Deals,IMPORT-DEAL-1A2B76F54C9E,219,synthetic_deal_id,info,deal_id,Assigned surrogate import key IMPORT-DEAL-1A2B76F54C9E due to missing source primary key,,False,Maintain surrogate key for import tracking
Deals,IMPORT-DEAL-1A2B76F54C9E,219,missing_deal_value,info,deal_value,Deal value is missing,nan,True,Provide estimated deal value
Deals,IMPORT-DEAL-1A2B76F54C9E,219,missing_probability,info,probability,Closure probability is missing (not imputed),nan,True,Provide win probability
Deals,IMPORT-DEAL-1A2B76F54C9E,219,missing_exact_close_date,info,expected_close_date,Tentative close date is missing,nan,False,
Deals,IMPORT-DEAL-1DA91237B055,220,customer_code_normalized,info,customer,Customer code normalized as 'COMPANY_135',COMPANY135,False,
Deals,IMPORT-DEAL-1DA91237B055,220,synthetic_deal_id,info,deal_id,Assigned surrogate import key IMPORT-DEAL-1DA91237B055 due to missing source primary key,,False,Maintain surrogate key for import tracking
Deals,IMPORT-DEAL-1DA91237B055,220,missing_deal_value,info,deal_value,Deal value is missing,nan,True,Provide estimated deal value
Deals,IMPORT-DEAL-1DA91237B055,220,missing_probability,info,probability,Closure probability is missing (not imputed),nan,True,Provide win probability
Deals,IMPORT-DEAL-1DA91237B055,220,missing_exact_close_date,info,expected_close_date,Tentative close date is missing,nan,False,
Deals,IMPORT-DEAL-8436DA430FC1,221,customer_code_normalized,info,customer,Customer code normalized as 'COMPANY_076',COMPANY076,False,
Deals,IMPORT-DEAL-8436DA430FC1,221,synthetic_deal_id,info,deal_id,Assigned surrogate import key IMPORT-DEAL-8436DA430FC1 due to missing source primary key,,False,Maintain surrogate key for import tracking
Deals,IMPORT-DEAL-8436DA430FC1,221,missing_deal_value,info,deal_value,Deal value is missing,nan,True,Provide estimated deal value
Deals,IMPORT-DEAL-8436DA430FC1,221,missing_probability,info,probability,Closure probability is missing (not imputed),nan,True,Provide win probability
Deals,IMPORT-DEAL-8436DA430FC1,221,missing_exact_close_date,info,expected_close_date,Tentative close date is missing,nan,False,
Deals,IMPORT-DEAL-A323EE50D696,222,customer_code_normalized,info,customer,Customer code normalized as 'COMPANY_092',COMPANY092,False,
Deals,IMPORT-DEAL-A323EE50D696,222,synthetic_deal_id,info,deal_id,Assigned surrogate import key IMPORT-DEAL-A323EE50D696 due to missing source primary key,,False,Maintain surrogate key for import tracking
Deals,IMPORT-DEAL-A323EE50D696,222,missing_deal_value,info,deal_value,Deal value is missing,nan,True,Provide estimated deal value
Deals,IMPORT-DEAL-A323EE50D696,222,missing_probability,info,probability,Closure probability is missing (not imputed),nan,True,Provide win probability
Deals,IMPORT-DEAL-A323EE50D696,222,missing_exact_close_date,info,expected_close_date,Tentative close date is missing,nan,False,
Deals,IMPORT-DEAL-1B84085FDCE1,223,customer_code_normalized,info,customer,Customer code normalized as 'COMPANY_012',COMPANY012,False,
Deals,IMPORT-DEAL-1B84085FDCE1,223,synthetic_deal_id,info,deal_id,Assigned surrogate import key IMPORT-DEAL-1B84085FDCE1 due to missing source primary key,,False,Maintain surrogate key for import tracking
Deals,IMPORT-DEAL-1B84085FDCE1,223,missing_deal_value,info,deal_value,Deal value is missing,nan,True,Provide estimated deal value
Deals,IMPORT-DEAL-1B84085FDCE1,223,missing_probability,info,probability,Closure probability is missing (not imputed),nan,True,Provide win probability
Deals,IMPORT-DEAL-1B84085FDCE1,223,missing_exact_close_date,info,expected_close_date,Tentative close date is missing,nan,False,
Deals,IMPORT-DEAL-2CA2D4C6CBE6,224,customer_code_normalized,info,customer,Customer code normalized as 'COMPANY_015',COMPANY015,False,
Deals,IMPORT-DEAL-2CA2D4C6CBE6,224,synthetic_deal_id,info,deal_id,Assigned surrogate import key IMPORT-DEAL-2CA2D4C6CBE6 due to missing source primary key,,False,Maintain surrogate key for import tracking
Deals,IMPORT-DEAL-2CA2D4C6CBE6,224,missing_deal_value,info,deal_value,Deal value is missing,nan,True,Provide estimated deal value
Deals,IMPORT-DEAL-2CA2D4C6CBE6,224,missing_probability,info,probability,Closure probability is missing (not imputed),nan,True,Provide win probability
Deals,IMPORT-DEAL-2CA2D4C6CBE6,224,missing_exact_close_date,info,expected_close_date,Tentative close date is missing,nan,False,
Deals,IMPORT-DEAL-533C30652286,225,customer_code_normalized,info,customer,Customer code normalized as 'COMPANY_076',COMPANY076,False,
Deals,IMPORT-DEAL-533C30652286,225,synthetic_deal_id,info,deal_id,Assigned surrogate import key IMPORT-DEAL-533C30652286 due to missing source primary key,,False,Maintain surrogate key for import tracking
Deals,IMPORT-DEAL-533C30652286,225,missing_deal_value,info,deal_value,Deal value is missing,nan,True,Provide estimated deal value
Deals,IMPORT-DEAL-533C30652286,225,missing_probability,info,probability,Closure probability is missing (not imputed),nan,True,Provide win probability
Deals,IMPORT-DEAL-533C30652286,225,missing_exact_close_date,info,expected_close_date,Tentative close date is missing,nan,False,
Deals,IMPORT-DEAL-82E5EFEDAD28,226,customer_code_normalized,info,customer,Customer code normalized as 'COMPANY_083',COMPANY083,False,
Deals,IMPORT-DEAL-82E5EFEDAD28,226,synthetic_deal_id,info,deal_id,Assigned surrogate import key IMPORT-DEAL-82E5EFEDAD28 due to missing source primary key,,False,Maintain surrogate key for import tracking
Deals,IMPORT-DEAL-82E5EFEDAD28,226,missing_deal_value,info,deal_value,Deal value is missing,nan,True,Provide estimated deal value
Deals,IMPORT-DEAL-82E5EFEDAD28,226,missing_probability,info,probability,Closure probability is missing (not imputed),nan,True,Provide win probability
Deals,IMPORT-DEAL-82E5EFEDAD28,226,missing_exact_close_date,info,expected_close_date,Tentative close date is missing,nan,False,
Deals,IMPORT-DEAL-AC513B3E5C31,227,customer_code_normalized,info,customer,Customer code normalized as 'COMPANY_134',COMPANY134,False,
Deals,IMPORT-DEAL-AC513B3E5C31,227,synthetic_deal_id,info,deal_id,Assigned surrogate import key IMPORT-DEAL-AC513B3E5C31 due to missing source primary key,,False,Maintain surrogate key for import tracking
Deals,IMPORT-DEAL-AC513B3E5C31,227,missing_deal_value,info,deal_value,Deal value is missing,nan,True,Provide estimated deal value
Deals,IMPORT-DEAL-AC513B3E5C31,227,missing_probability,info,probability,Closure probability is missing (not imputed),nan,True,Provide win probability
Deals,IMPORT-DEAL-AC513B3E5C31,227,missing_exact_close_date,info,expected_close_date,Tentative close date is missing,nan,False,
Deals,IMPORT-DEAL-DBC0D543FF03,228,customer_code_normalized,info,customer,Customer code normalized as 'COMPANY_055',COMPANY055,False,
Deals,IMPORT-DEAL-DBC0D543FF03,228,synthetic_deal_id,info,deal_id,Assigned surrogate import key IMPORT-DEAL-DBC0D543FF03 due to missing source primary key,,False,Maintain surrogate key for import tracking
Deals,IMPORT-DEAL-DBC0D543FF03,228,missing_deal_value,info,deal_value,Deal value is missing,nan,True,Provide estimated deal value
Deals,IMPORT-DEAL-DBC0D543FF03,228,missing_probability,info,probability,Closure probability is missing (not imputed),nan,True,Provide win probability
Deals,IMPORT-DEAL-DBC0D543FF03,228,missing_exact_close_date,info,expected_close_date,Tentative close date is missing,nan,False,
Deals,IMPORT-DEAL-E9F2F56889B8,229,customer_code_normalized,info,customer,Customer code normalized as 'COMPANY_054',COMPANY054,False,
Deals,IMPORT-DEAL-E9F2F56889B8,229,synthetic_deal_id,info,deal_id,Assigned surrogate import key IMPORT-DEAL-E9F2F56889B8 due to missing source primary key,,False,Maintain surrogate key for import tracking
Deals,IMPORT-DEAL-E9F2F56889B8,229,missing_deal_value,info,deal_value,Deal value is missing,nan,True,Provide estimated deal value
Deals,IMPORT-DEAL-E9F2F56889B8,229,missing_probability,info,probability,Closure probability is missing (not imputed),nan,True,Provide win probability
Deals,IMPORT-DEAL-E9F2F56889B8,229,missing_exact_close_date,info,expected_close_date,Tentative close date is missing,nan,False,
Deals,IMPORT-DEAL-7F845034AE6A,230,customer_code_normalized,info,customer,Customer code normalized as 'COMPANY_164',COMPANY164,False,
Deals,IMPORT-DEAL-7F845034AE6A,230,synthetic_deal_id,info,deal_id,Assigned surrogate import key IMPORT-DEAL-7F845034AE6A due to missing source primary key,,False,Maintain surrogate key for import tracking
Deals,IMPORT-DEAL-7F845034AE6A,230,missing_deal_value,info,deal_value,Deal value is missing,nan,True,Provide estimated deal value
Deals,IMPORT-DEAL-7F845034AE6A,230,missing_probability,info,probability,Closure probability is missing (not imputed),nan,True,Provide win probability
Deals,IMPORT-DEAL-7F845034AE6A,230,missing_exact_close_date,info,expected_close_date,Tentative close date is missing,nan,False,
Deals,IMPORT-DEAL-AA668E5CF8C6,231,customer_code_normalized,info,customer,Customer code normalized as 'COMPANY_003',COMPANY003,False,
Deals,IMPORT-DEAL-AA668E5CF8C6,231,synthetic_deal_id,info,deal_id,Assigned surrogate import key IMPORT-DEAL-AA668E5CF8C6 due to missing source primary key,,False,Maintain surrogate key for import tracking
Deals,IMPORT-DEAL-AA668E5CF8C6,231,missing_deal_value,info,deal_value,Deal value is missing,nan,True,Provide estimated deal value
Deals,IMPORT-DEAL-AA668E5CF8C6,231,missing_probability,info,probability,Closure probability is missing (not imputed),nan,True,Provide win probability
Deals,IMPORT-DEAL-AA668E5CF8C6,231,missing_exact_close_date,info,expected_close_date,Tentative close date is missing,nan,False,
Deals,IMPORT-DEAL-6F01400B3612,232,customer_code_normalized,info,customer,Customer code normalized as 'COMPANY_169',COMPANY169,False,
Deals,IMPORT-DEAL-6F01400B3612,232,synthetic_deal_id,info,deal_id,Assigned surrogate import key IMPORT-DEAL-6F01400B3612 due to missing source primary key,,False,Maintain surrogate key for import tracking
Deals,IMPORT-DEAL-6F01400B3612,232,missing_deal_value,info,deal_value,Deal value is missing,nan,True,Provide estimated deal value
Deals,IMPORT-DEAL-6F01400B3612,232,missing_exact_close_date,info,expected_close_date,Tentative close date is missing,nan,False,
Deals,IMPORT-DEAL-96C6DCB46772,233,customer_code_normalized,info,customer,Customer code normalized as 'COMPANY_106',COMPANY106,False,
Deals,IMPORT-DEAL-96C6DCB46772,233,synthetic_deal_id,info,deal_id,Assigned surrogate import key IMPORT-DEAL-96C6DCB46772 due to missing source primary key,,False,Maintain surrogate key for import tracking
Deals,IMPORT-DEAL-96C6DCB46772,233,missing_deal_value,info,deal_value,Deal value is missing,nan,True,Provide estimated deal value
Deals,IMPORT-DEAL-96C6DCB46772,233,missing_probability,info,probability,Closure probability is missing (not imputed),nan,True,Provide win probability
Deals,IMPORT-DEAL-96C6DCB46772,233,missing_exact_close_date,info,expected_close_date,Tentative close date is missing,nan,False,
Deals,IMPORT-DEAL-E06754C01455,234,customer_code_normalized,info,customer,Customer code normalized as 'COMPANY_060',COMPANY060,False,
Deals,IMPORT-DEAL-E06754C01455,234,synthetic_deal_id,info,deal_id,Assigned surrogate import key IMPORT-DEAL-E06754C01455 due to missing source primary key,,False,Maintain surrogate key for import tracking
Deals,IMPORT-DEAL-E06754C01455,234,missing_deal_value,info,deal_value,Deal value is missing,nan,True,Provide estimated deal value
Deals,IMPORT-DEAL-E06754C01455,234,missing_probability,info,probability,Closure probability is missing (not imputed),nan,True,Provide win probability
Deals,IMPORT-DEAL-E06754C01455,234,missing_exact_close_date,info,expected_close_date,Tentative close date is missing,nan,False,
Deals,IMPORT-DEAL-C5F8AE301E56,235,customer_code_normalized,info,customer,Customer code normalized as 'COMPANY_028',COMPANY028,False,
Deals,IMPORT-DEAL-C5F8AE301E56,235,synthetic_deal_id,info,deal_id,Assigned surrogate import key IMPORT-DEAL-C5F8AE301E56 due to missing source primary key,,False,Maintain surrogate key for import tracking
Deals,IMPORT-DEAL-C5F8AE301E56,235,missing_deal_value,info,deal_value,Deal value is missing,nan,True,Provide estimated deal value
Deals,IMPORT-DEAL-C5F8AE301E56,235,missing_probability,info,probability,Closure probability is missing (not imputed),nan,True,Provide win probability
Deals,IMPORT-DEAL-C5F8AE301E56,235,missing_exact_close_date,info,expected_close_date,Tentative close date is missing,nan,False,
Deals,IMPORT-DEAL-C9DC966C10C5,236,customer_code_normalized,info,customer,Customer code normalized as 'COMPANY_044',COMPANY044,False,
Deals,IMPORT-DEAL-C9DC966C10C5,236,synthetic_deal_id,info,deal_id,Assigned surrogate import key IMPORT-DEAL-C9DC966C10C5 due to missing source primary key,,False,Maintain surrogate key for import tracking
Deals,IMPORT-DEAL-C9DC966C10C5,236,missing_deal_value,info,deal_value,Deal value is missing,nan,True,Provide estimated deal value
Deals,IMPORT-DEAL-C9DC966C10C5,236,missing_probability,info,probability,Closure probability is missing (not imputed),nan,True,Provide win probability
Deals,IMPORT-DEAL-C9DC966C10C5,236,missing_exact_close_date,info,expected_close_date,Tentative close date is missing,nan,False,
Deals,IMPORT-DEAL-693E009B996A,237,customer_code_normalized,info,customer,Customer code normalized as 'COMPANY_113',COMPANY113,False,
Deals,IMPORT-DEAL-693E009B996A,237,synthetic_deal_id,info,deal_id,Assigned surrogate import key IMPORT-DEAL-693E009B996A due to missing source primary key,,False,Maintain surrogate key for import tracking
Deals,IMPORT-DEAL-693E009B996A,237,missing_deal_value,info,deal_value,Deal value is missing,nan,True,Provide estimated deal value
Deals,IMPORT-DEAL-693E009B996A,237,missing_probability,info,probability,Closure probability is missing (not imputed),nan,True,Provide win probability
Deals,IMPORT-DEAL-693E009B996A,237,missing_exact_close_date,info,expected_close_date,Tentative close date is missing,nan,False,
Deals,IMPORT-DEAL-D7ECBF632ADC,239,customer_code_normalized,info,customer,Customer code normalized as 'COMPANY_113',COMPANY113,False,
Deals,IMPORT-DEAL-D7ECBF632ADC,239,synthetic_deal_id,info,deal_id,Assigned surrogate import key IMPORT-DEAL-D7ECBF632ADC due to missing source primary key,,False,Maintain surrogate key for import tracking
Deals,IMPORT-DEAL-D7ECBF632ADC,239,missing_deal_value,info,deal_value,Deal value is missing,nan,True,Provide estimated deal value
Deals,IMPORT-DEAL-D7ECBF632ADC,239,missing_probability,info,probability,Closure probability is missing (not imputed),nan,True,Provide win probability
Deals,IMPORT-DEAL-D7ECBF632ADC,239,missing_exact_close_date,info,expected_close_date,Tentative close date is missing,nan,False,
Deals,IMPORT-DEAL-7513B6FF9528,240,customer_code_normalized,info,customer,Customer code normalized as 'COMPANY_113',COMPANY113,False,
Deals,IMPORT-DEAL-7513B6FF9528,240,synthetic_deal_id,info,deal_id,Assigned surrogate import key IMPORT-DEAL-7513B6FF9528 due to missing source primary key,,False,Maintain surrogate key for import tracking
Deals,IMPORT-DEAL-7513B6FF9528,240,missing_deal_value,info,deal_value,Deal value is missing,nan,True,Provide estimated deal value
Deals,IMPORT-DEAL-7513B6FF9528,240,missing_probability,info,probability,Closure probability is missing (not imputed),nan,True,Provide win probability
Deals,IMPORT-DEAL-7513B6FF9528,240,missing_exact_close_date,info,expected_close_date,Tentative close date is missing,nan,False,
Deals,IMPORT-DEAL-04217CFEC7E8,241,customer_code_normalized,info,customer,Customer code normalized as 'COMPANY_069',COMPANY069,False,
Deals,IMPORT-DEAL-04217CFEC7E8,241,synthetic_deal_id,info,deal_id,Assigned surrogate import key IMPORT-DEAL-04217CFEC7E8 due to missing source primary key,,False,Maintain surrogate key for import tracking
Deals,IMPORT-DEAL-04217CFEC7E8,241,missing_deal_value,info,deal_value,Deal value is missing,nan,True,Provide estimated deal value
Deals,IMPORT-DEAL-04217CFEC7E8,241,missing_probability,info,probability,Closure probability is missing (not imputed),nan,True,Provide win probability
Deals,IMPORT-DEAL-04217CFEC7E8,241,missing_exact_close_date,info,expected_close_date,Tentative close date is missing,nan,False,
Deals,IMPORT-DEAL-3B7ADC7C95BE,242,customer_code_normalized,info,customer,Customer code normalized as 'COMPANY_127',COMPANY127,False,
Deals,IMPORT-DEAL-3B7ADC7C95BE,242,synthetic_deal_id,info,deal_id,Assigned surrogate import key IMPORT-DEAL-3B7ADC7C95BE due to missing source primary key,,False,Maintain surrogate key for import tracking
Deals,IMPORT-DEAL-3B7ADC7C95BE,242,missing_deal_value,info,deal_value,Deal value is missing,nan,True,Provide estimated deal value
Deals,IMPORT-DEAL-3B7ADC7C95BE,242,missing_probability,info,probability,Closure probability is missing (not imputed),nan,True,Provide win probability
Deals,IMPORT-DEAL-3B7ADC7C95BE,242,missing_exact_close_date,info,expected_close_date,Tentative close date is missing,nan,False,
Deals,IMPORT-DEAL-270BAD0AB25C,243,customer_code_normalized,info,customer,Customer code normalized as 'COMPANY_060',COMPANY060,False,
Deals,IMPORT-DEAL-270BAD0AB25C,243,synthetic_deal_id,info,deal_id,Assigned surrogate import key IMPORT-DEAL-270BAD0AB25C due to missing source primary key,,False,Maintain surrogate key for import tracking
Deals,IMPORT-DEAL-270BAD0AB25C,243,missing_deal_value,info,deal_value,Deal value is missing,nan,True,Provide estimated deal value
Deals,IMPORT-DEAL-270BAD0AB25C,243,missing_probability,info,probability,Closure probability is missing (not imputed),nan,True,Provide win probability
Deals,IMPORT-DEAL-270BAD0AB25C,243,missing_exact_close_date,info,expected_close_date,Tentative close date is missing,nan,False,
Deals,IMPORT-DEAL-0AF57AB2C764,244,customer_code_normalized,info,customer,Customer code normalized as 'COMPANY_113',COMPANY113,False,
Deals,IMPORT-DEAL-0AF57AB2C764,244,synthetic_deal_id,info,deal_id,Assigned surrogate import key IMPORT-DEAL-0AF57AB2C764 due to missing source primary key,,False,Maintain surrogate key for import tracking
Deals,IMPORT-DEAL-0AF57AB2C764,244,missing_deal_value,info,deal_value,Deal value is missing,nan,True,Provide estimated deal value
Deals,IMPORT-DEAL-0AF57AB2C764,244,missing_probability,info,probability,Closure probability is missing (not imputed),nan,True,Provide win probability
Deals,IMPORT-DEAL-0AF57AB2C764,244,missing_exact_close_date,info,expected_close_date,Tentative close date is missing,nan,False,
Deals,IMPORT-DEAL-06F3D3D4AA67,245,customer_code_normalized,info,customer,Customer code normalized as 'COMPANY_144',COMPANY144,False,
Deals,IMPORT-DEAL-06F3D3D4AA67,245,synthetic_deal_id,info,deal_id,Assigned surrogate import key IMPORT-DEAL-06F3D3D4AA67 due to missing source primary key,,False,Maintain surrogate key for import tracking
Deals,IMPORT-DEAL-06F3D3D4AA67,245,missing_deal_value,info,deal_value,Deal value is missing,nan,True,Provide estimated deal value
Deals,IMPORT-DEAL-06F3D3D4AA67,245,missing_probability,info,probability,Closure probability is missing (not imputed),nan,True,Provide win probability
Deals,IMPORT-DEAL-06F3D3D4AA67,245,missing_exact_close_date,info,expected_close_date,Tentative close date is missing,nan,False,
Deals,IMPORT-DEAL-F591596C378C,246,customer_code_normalized,info,customer,Customer code normalized as 'COMPANY_032',COMPANY032,False,
Deals,IMPORT-DEAL-F591596C378C,246,synthetic_deal_id,info,deal_id,Assigned surrogate import key IMPORT-DEAL-F591596C378C due to missing source primary key,,False,Maintain surrogate key for import tracking
Deals,IMPORT-DEAL-F591596C378C,246,missing_deal_value,info,deal_value,Deal value is missing,nan,True,Provide estimated deal value
Deals,IMPORT-DEAL-F591596C378C,246,missing_probability,info,probability,Closure probability is missing (not imputed),nan,True,Provide win probability
Deals,IMPORT-DEAL-F591596C378C,246,missing_exact_close_date,info,expected_close_date,Tentative close date is missing,nan,False,
Deals,IMPORT-DEAL-61EED7875A98,247,customer_code_normalized,info,customer,Customer code normalized as 'COMPANY_151',COMPANY151,False,
Deals,IMPORT-DEAL-61EED7875A98,247,synthetic_deal_id,info,deal_id,Assigned surrogate import key IMPORT-DEAL-61EED7875A98 due to missing source primary key,,False,Maintain surrogate key for import tracking
Deals,IMPORT-DEAL-61EED7875A98,247,missing_deal_value,info,deal_value,Deal value is missing,nan,True,Provide estimated deal value
Deals,IMPORT-DEAL-61EED7875A98,247,missing_probability,info,probability,Closure probability is missing (not imputed),nan,True,Provide win probability
Deals,IMPORT-DEAL-61EED7875A98,247,missing_exact_close_date,info,expected_close_date,Tentative close date is missing,nan,False,
Deals,IMPORT-DEAL-5F45585284C6,249,customer_code_normalized,info,customer,Customer code normalized as 'COMPANY_109',COMPANY109,False,
Deals,IMPORT-DEAL-5F45585284C6,249,synthetic_deal_id,info,deal_id,Assigned surrogate import key IMPORT-DEAL-5F45585284C6 due to missing source primary key,,False,Maintain surrogate key for import tracking
Deals,IMPORT-DEAL-5F45585284C6,249,missing_deal_value,info,deal_value,Deal value is missing,nan,True,Provide estimated deal value
Deals,IMPORT-DEAL-5F45585284C6,249,missing_probability,info,probability,Closure probability is missing (not imputed),nan,True,Provide win probability
Deals,IMPORT-DEAL-5F45585284C6,249,missing_exact_close_date,info,expected_close_date,Tentative close date is missing,nan,False,
Deals,IMPORT-DEAL-AC271DCA2464,250,customer_code_normalized,info,customer,Customer code normalized as 'COMPANY_169',COMPANY169,False,
Deals,IMPORT-DEAL-AC271DCA2464,250,synthetic_deal_id,info,deal_id,Assigned surrogate import key IMPORT-DEAL-AC271DCA2464 due to missing source primary key,,False,Maintain surrogate key for import tracking
Deals,IMPORT-DEAL-AC271DCA2464,250,missing_deal_value,info,deal_value,Deal value is missing,nan,True,Provide estimated deal value
Deals,IMPORT-DEAL-AC271DCA2464,250,missing_exact_close_date,info,expected_close_date,Tentative close date is missing,nan,False,
Deals,IMPORT-DEAL-FF09AD2030CA,251,customer_code_normalized,info,customer,Customer code normalized as 'COMPANY_169',COMPANY169,False,
Deals,IMPORT-DEAL-FF09AD2030CA,251,synthetic_deal_id,info,deal_id,Assigned surrogate import key IMPORT-DEAL-FF09AD2030CA due to missing source primary key,,False,Maintain surrogate key for import tracking
Deals,IMPORT-DEAL-FF09AD2030CA,251,missing_deal_value,info,deal_value,Deal value is missing,nan,True,Provide estimated deal value
Deals,IMPORT-DEAL-FF09AD2030CA,251,missing_exact_close_date,info,expected_close_date,Tentative close date is missing,nan,False,
Deals,IMPORT-DEAL-031ECA77CE98,252,customer_code_normalized,info,customer,Customer code normalized as 'COMPANY_038',COMPANY038,False,
Deals,IMPORT-DEAL-031ECA77CE98,252,synthetic_deal_id,info,deal_id,Assigned surrogate import key IMPORT-DEAL-031ECA77CE98 due to missing source primary key,,False,Maintain surrogate key for import tracking
Deals,IMPORT-DEAL-031ECA77CE98,252,missing_deal_value,info,deal_value,Deal value is missing,nan,True,Provide estimated deal value
Deals,IMPORT-DEAL-031ECA77CE98,252,missing_probability,info,probability,Closure probability is missing (not imputed),nan,True,Provide win probability
Deals,IMPORT-DEAL-031ECA77CE98,252,missing_exact_close_date,info,expected_close_date,Tentative close date is missing,nan,False,
Deals,IMPORT-DEAL-8BB4E34D8CE7,253,customer_code_normalized,info,customer,Customer code normalized as 'COMPANY_148',COMPANY148,False,
Deals,IMPORT-DEAL-8BB4E34D8CE7,253,synthetic_deal_id,info,deal_id,Assigned surrogate import key IMPORT-DEAL-8BB4E34D8CE7 due to missing source primary key,,False,Maintain surrogate key for import tracking
Deals,IMPORT-DEAL-8D3217D2CCA2,254,customer_code_normalized,info,customer,Customer code normalized as 'COMPANY_172',COMPANY172,False,
Deals,IMPORT-DEAL-8D3217D2CCA2,254,synthetic_deal_id,info,deal_id,Assigned surrogate import key IMPORT-DEAL-8D3217D2CCA2 due to missing source primary key,,False,Maintain surrogate key for import tracking
Deals,IMPORT-DEAL-8D3217D2CCA2,254,missing_deal_value,info,deal_value,Deal value is missing,nan,True,Provide estimated deal value
Deals,IMPORT-DEAL-8D3217D2CCA2,254,missing_probability,info,probability,Closure probability is missing (not imputed),nan,True,Provide win probability
Deals,IMPORT-DEAL-86B23015DFB7,255,customer_code_normalized,info,customer,Customer code normalized as 'COMPANY_172',COMPANY172,False,
Deals,IMPORT-DEAL-86B23015DFB7,255,synthetic_deal_id,info,deal_id,Assigned surrogate import key IMPORT-DEAL-86B23015DFB7 due to missing source primary key,,False,Maintain surrogate key for import tracking
Deals,IMPORT-DEAL-86B23015DFB7,255,missing_deal_value,info,deal_value,Deal value is missing,nan,True,Provide estimated deal value
Deals,IMPORT-DEAL-86B23015DFB7,255,missing_probability,info,probability,Closure probability is missing (not imputed),nan,True,Provide win probability
Deals,IMPORT-DEAL-3A3153CDFEB2,256,customer_code_normalized,info,customer,Customer code normalized as 'COMPANY_033',COMPANY033,False,
Deals,IMPORT-DEAL-3A3153CDFEB2,256,synthetic_deal_id,info,deal_id,Assigned surrogate import key IMPORT-DEAL-3A3153CDFEB2 due to missing source primary key,,False,Maintain surrogate key for import tracking
Deals,IMPORT-DEAL-3A3153CDFEB2,256,missing_probability,info,probability,Closure probability is missing (not imputed),nan,True,Provide win probability
Deals,IMPORT-DEAL-415C22D899CC,257,customer_code_normalized,info,customer,Customer code normalized as 'COMPANY_163',COMPANY163,False,
Deals,IMPORT-DEAL-415C22D899CC,257,synthetic_deal_id,info,deal_id,Assigned surrogate import key IMPORT-DEAL-415C22D899CC due to missing source primary key,,False,Maintain surrogate key for import tracking
Deals,IMPORT-DEAL-415C22D899CC,257,missing_probability,info,probability,Closure probability is missing (not imputed),nan,True,Provide win probability
Deals,IMPORT-DEAL-67347E97C324,258,customer_code_normalized,info,customer,Customer code normalized as 'COMPANY_005',COMPANY005,False,
Deals,IMPORT-DEAL-67347E97C324,258,synthetic_deal_id,info,deal_id,Assigned surrogate import key IMPORT-DEAL-67347E97C324 due to missing source primary key,,False,Maintain surrogate key for import tracking
Deals,IMPORT-DEAL-67347E97C324,258,missing_probability,info,probability,Closure probability is missing (not imputed),nan,True,Provide win probability
Deals,IMPORT-DEAL-EA95BCA92E0D,259,customer_code_normalized,info,customer,Customer code normalized as 'COMPANY_133',COMPANY133,False,
Deals,IMPORT-DEAL-EA95BCA92E0D,259,synthetic_deal_id,info,deal_id,Assigned surrogate import key IMPORT-DEAL-EA95BCA92E0D due to missing source primary key,,False,Maintain surrogate key for import tracking
Deals,IMPORT-DEAL-EA95BCA92E0D,259,missing_deal_value,info,deal_value,Deal value is missing,nan,True,Provide estimated deal value
Deals,IMPORT-DEAL-EA95BCA92E0D,259,missing_probability,info,probability,Closure probability is missing (not imputed),nan,True,Provide win probability
Deals,IMPORT-DEAL-8E6758707587,261,customer_code_normalized,info,customer,Customer code normalized as 'COMPANY_133',COMPANY133,False,
Deals,IMPORT-DEAL-8E6758707587,261,synthetic_deal_id,info,deal_id,Assigned surrogate import key IMPORT-DEAL-8E6758707587 due to missing source primary key,,False,Maintain surrogate key for import tracking
Deals,IMPORT-DEAL-8E6758707587,261,missing_probability,info,probability,Closure probability is missing (not imputed),nan,True,Provide win probability
Deals,IMPORT-DEAL-BDD790EACE90,262,customer_code_normalized,info,customer,Customer code normalized as 'COMPANY_005',COMPANY005,False,
Deals,IMPORT-DEAL-BDD790EACE90,262,synthetic_deal_id,info,deal_id,Assigned surrogate import key IMPORT-DEAL-BDD790EACE90 due to missing source primary key,,False,Maintain surrogate key for import tracking
Deals,IMPORT-DEAL-BDD790EACE90,262,missing_probability,info,probability,Closure probability is missing (not imputed),nan,True,Provide win probability
Deals,IMPORT-DEAL-34D3D767F799,263,customer_code_normalized,info,customer,Customer code normalized as 'COMPANY_005',COMPANY005,False,
Deals,IMPORT-DEAL-34D3D767F799,263,synthetic_deal_id,info,deal_id,Assigned surrogate import key IMPORT-DEAL-34D3D767F799 due to missing source primary key,,False,Maintain surrogate key for import tracking
Deals,IMPORT-DEAL-34D3D767F799,263,missing_probability,info,probability,Closure probability is missing (not imputed),nan,True,Provide win probability
Deals,IMPORT-DEAL-40640A596B4A,264,customer_code_normalized,info,customer,Customer code normalized as 'COMPANY_005',COMPANY005,False,
Deals,IMPORT-DEAL-40640A596B4A,264,synthetic_deal_id,info,deal_id,Assigned surrogate import key IMPORT-DEAL-40640A596B4A due to missing source primary key,,False,Maintain surrogate key for import tracking
Deals,IMPORT-DEAL-40640A596B4A,264,missing_deal_value,info,deal_value,Deal value is missing,nan,True,Provide estimated deal value
Deals,IMPORT-DEAL-40640A596B4A,264,missing_probability,info,probability,Closure probability is missing (not imputed),nan,True,Provide win probability
Deals,IMPORT-DEAL-6A1FF8927CAF,265,customer_code_normalized,info,customer,Customer code normalized as 'COMPANY_038',COMPANY038,False,
Deals,IMPORT-DEAL-6A1FF8927CAF,265,synthetic_deal_id,info,deal_id,Assigned surrogate import key IMPORT-DEAL-6A1FF8927CAF due to missing source primary key,,False,Maintain surrogate key for import tracking
Deals,IMPORT-DEAL-6A1FF8927CAF,265,missing_deal_value,info,deal_value,Deal value is missing,nan,True,Provide estimated deal value
Deals,IMPORT-DEAL-6A1FF8927CAF,265,missing_probability,info,probability,Closure probability is missing (not imputed),nan,True,Provide win probability
Deals,IMPORT-DEAL-2D082BF2817F,266,customer_code_normalized,info,customer,Customer code normalized as 'COMPANY_005',COMPANY005,False,
Deals,IMPORT-DEAL-2D082BF2817F,266,synthetic_deal_id,info,deal_id,Assigned surrogate import key IMPORT-DEAL-2D082BF2817F due to missing source primary key,,False,Maintain surrogate key for import tracking
Deals,IMPORT-DEAL-2D082BF2817F,266,missing_probability,info,probability,Closure probability is missing (not imputed),nan,True,Provide win probability
Deals,IMPORT-DEAL-A245D7573552,267,customer_code_normalized,info,customer,Customer code normalized as 'COMPANY_059',COMPANY059,False,
Deals,IMPORT-DEAL-A245D7573552,267,synthetic_deal_id,info,deal_id,Assigned surrogate import key IMPORT-DEAL-A245D7573552 due to missing source primary key,,False,Maintain surrogate key for import tracking
Deals,IMPORT-DEAL-A245D7573552,267,missing_probability,info,probability,Closure probability is missing (not imputed),nan,True,Provide win probability
Deals,IMPORT-DEAL-4A0CCC31C139,268,customer_code_normalized,info,customer,Customer code normalized as 'COMPANY_029',COMPANY029,False,
Deals,IMPORT-DEAL-4A0CCC31C139,268,synthetic_deal_id,info,deal_id,Assigned surrogate import key IMPORT-DEAL-4A0CCC31C139 due to missing source primary key,,False,Maintain surrogate key for import tracking
Deals,IMPORT-DEAL-4A0CCC31C139,268,missing_probability,info,probability,Closure probability is missing (not imputed),nan,True,Provide win probability
Deals,IMPORT-DEAL-490EDE820329,269,customer_code_normalized,info,customer,Customer code normalized as 'COMPANY_105',COMPANY105,False,
Deals,IMPORT-DEAL-490EDE820329,269,synthetic_deal_id,info,deal_id,Assigned surrogate import key IMPORT-DEAL-490EDE820329 due to missing source primary key,,False,Maintain surrogate key for import tracking
Deals,IMPORT-DEAL-490EDE820329,269,missing_deal_value,info,deal_value,Deal value is missing,nan,True,Provide estimated deal value
Deals,IMPORT-DEAL-490EDE820329,269,missing_probability,info,probability,Closure probability is missing (not imputed),nan,True,Provide win probability
Deals,IMPORT-DEAL-FE7DBC4320E4,270,customer_code_normalized,info,customer,Customer code normalized as 'COMPANY_123',COMPANY123,False,
Deals,IMPORT-DEAL-FE7DBC4320E4,270,synthetic_deal_id,info,deal_id,Assigned surrogate import key IMPORT-DEAL-FE7DBC4320E4 due to missing source primary key,,False,Maintain surrogate key for import tracking
Deals,IMPORT-DEAL-FE7DBC4320E4,270,missing_deal_value,info,deal_value,Deal value is missing,nan,True,Provide estimated deal value
Deals,IMPORT-DEAL-FE7DBC4320E4,270,missing_probability,info,probability,Closure probability is missing (not imputed),nan,True,Provide win probability
Deals,IMPORT-DEAL-20F7327F3AD1,271,customer_code_normalized,info,customer,Customer code normalized as 'COMPANY_133',COMPANY133,False,
Deals,IMPORT-DEAL-20F7327F3AD1,271,synthetic_deal_id,info,deal_id,Assigned surrogate import key IMPORT-DEAL-20F7327F3AD1 due to missing source primary key,,False,Maintain surrogate key for import tracking
Deals,IMPORT-DEAL-20F7327F3AD1,271,missing_probability,info,probability,Closure probability is missing (not imputed),nan,True,Provide win probability
Deals,IMPORT-DEAL-B40B682DA8C9,272,customer_code_normalized,info,customer,Customer code normalized as 'COMPANY_133',COMPANY133,False,
Deals,IMPORT-DEAL-B40B682DA8C9,272,synthetic_deal_id,info,deal_id,Assigned surrogate import key IMPORT-DEAL-B40B682DA8C9 due to missing source primary key,,False,Maintain surrogate key for import tracking
Deals,IMPORT-DEAL-B40B682DA8C9,272,missing_probability,info,probability,Closure probability is missing (not imputed),nan,True,Provide win probability
Deals,IMPORT-DEAL-8CD5BB58870C,273,customer_code_normalized,info,customer,Customer code normalized as 'COMPANY_038',COMPANY038,False,
Deals,IMPORT-DEAL-8CD5BB58870C,273,synthetic_deal_id,info,deal_id,Assigned surrogate import key IMPORT-DEAL-8CD5BB58870C due to missing source primary key,,False,Maintain surrogate key for import tracking
Deals,IMPORT-DEAL-8CD5BB58870C,273,missing_deal_value,info,deal_value,Deal value is missing,nan,True,Provide estimated deal value
Deals,IMPORT-DEAL-8CD5BB58870C,273,missing_probability,info,probability,Closure probability is missing (not imputed),nan,True,Provide win probability
Deals,IMPORT-DEAL-78C9AB07E31C,274,customer_code_normalized,info,customer,Customer code normalized as 'COMPANY_038',COMPANY038,False,
Deals,IMPORT-DEAL-78C9AB07E31C,274,synthetic_deal_id,info,deal_id,Assigned surrogate import key IMPORT-DEAL-78C9AB07E31C due to missing source primary key,,False,Maintain surrogate key for import tracking
Deals,IMPORT-DEAL-78C9AB07E31C,274,missing_deal_value,info,deal_value,Deal value is missing,nan,True,Provide estimated deal value
Deals,IMPORT-DEAL-78C9AB07E31C,274,missing_probability,info,probability,Closure probability is missing (not imputed),nan,True,Provide win probability
Deals,IMPORT-DEAL-B886CF75147D,275,customer_code_normalized,info,customer,Customer code normalized as 'COMPANY_038',COMPANY038,False,
Deals,IMPORT-DEAL-B886CF75147D,275,synthetic_deal_id,info,deal_id,Assigned surrogate import key IMPORT-DEAL-B886CF75147D due to missing source primary key,,False,Maintain surrogate key for import tracking
Deals,IMPORT-DEAL-B886CF75147D,275,missing_deal_value,info,deal_value,Deal value is missing,nan,True,Provide estimated deal value
Deals,IMPORT-DEAL-B886CF75147D,275,missing_probability,info,probability,Closure probability is missing (not imputed),nan,True,Provide win probability
Deals,IMPORT-DEAL-6B1609AD7D1D,276,customer_code_normalized,info,customer,Customer code normalized as 'COMPANY_056',COMPANY056,False,
Deals,IMPORT-DEAL-6B1609AD7D1D,276,synthetic_deal_id,info,deal_id,Assigned surrogate import key IMPORT-DEAL-6B1609AD7D1D due to missing source primary key,,False,Maintain surrogate key for import tracking
Deals,IMPORT-DEAL-6B1609AD7D1D,276,missing_probability,info,probability,Closure probability is missing (not imputed),nan,True,Provide win probability
Deals,IMPORT-DEAL-D881D7D25FE0,277,customer_code_normalized,info,customer,Customer code normalized as 'COMPANY_005',COMPANY005,False,
Deals,IMPORT-DEAL-D881D7D25FE0,277,synthetic_deal_id,info,deal_id,Assigned surrogate import key IMPORT-DEAL-D881D7D25FE0 due to missing source primary key,,False,Maintain surrogate key for import tracking
Deals,IMPORT-DEAL-D881D7D25FE0,277,missing_probability,info,probability,Closure probability is missing (not imputed),nan,True,Provide win probability
Deals,IMPORT-DEAL-862BA53CF7B0,278,customer_code_normalized,info,customer,Customer code normalized as 'COMPANY_038',COMPANY038,False,
Deals,IMPORT-DEAL-862BA53CF7B0,278,synthetic_deal_id,info,deal_id,Assigned surrogate import key IMPORT-DEAL-862BA53CF7B0 due to missing source primary key,,False,Maintain surrogate key for import tracking
Deals,IMPORT-DEAL-862BA53CF7B0,278,missing_probability,info,probability,Closure probability is missing (not imputed),nan,True,Provide win probability
Deals,IMPORT-DEAL-3C480D55618E,279,customer_code_normalized,info,customer,Customer code normalized as 'COMPANY_097',COMPANY097,False,
Deals,IMPORT-DEAL-3C480D55618E,279,synthetic_deal_id,info,deal_id,Assigned surrogate import key IMPORT-DEAL-3C480D55618E due to missing source primary key,,False,Maintain surrogate key for import tracking
Deals,IMPORT-DEAL-3C480D55618E,279,missing_probability,info,probability,Closure probability is missing (not imputed),nan,True,Provide win probability
Deals,IMPORT-DEAL-04F9F292DB9C,280,customer_code_normalized,info,customer,Customer code normalized as 'COMPANY_031',COMPANY031,False,
Deals,IMPORT-DEAL-04F9F292DB9C,280,synthetic_deal_id,info,deal_id,Assigned surrogate import key IMPORT-DEAL-04F9F292DB9C due to missing source primary key,,False,Maintain surrogate key for import tracking
Deals,IMPORT-DEAL-04F9F292DB9C,280,missing_probability,info,probability,Closure probability is missing (not imputed),nan,True,Provide win probability
Deals,IMPORT-DEAL-D00BA373CD1F,281,customer_code_normalized,info,customer,Customer code normalized as 'COMPANY_002',COMPANY002,False,
Deals,IMPORT-DEAL-D00BA373CD1F,281,synthetic_deal_id,info,deal_id,Assigned surrogate import key IMPORT-DEAL-D00BA373CD1F due to missing source primary key,,False,Maintain surrogate key for import tracking
Deals,IMPORT-DEAL-D00BA373CD1F,281,missing_probability,info,probability,Closure probability is missing (not imputed),nan,True,Provide win probability
Deals,IMPORT-DEAL-4BA7046BBA12,282,customer_code_normalized,info,customer,Customer code normalized as 'COMPANY_005',COMPANY005,False,
Deals,IMPORT-DEAL-4BA7046BBA12,282,synthetic_deal_id,info,deal_id,Assigned surrogate import key IMPORT-DEAL-4BA7046BBA12 due to missing source primary key,,False,Maintain surrogate key for import tracking
Deals,IMPORT-DEAL-4BA7046BBA12,282,missing_probability,info,probability,Closure probability is missing (not imputed),nan,True,Provide win probability
Deals,IMPORT-DEAL-5DA4D84BA866,283,customer_code_normalized,info,customer,Customer code normalized as 'COMPANY_182',COMPANY182,False,
Deals,IMPORT-DEAL-5DA4D84BA866,283,synthetic_deal_id,info,deal_id,Assigned surrogate import key IMPORT-DEAL-5DA4D84BA866 due to missing source primary key,,False,Maintain surrogate key for import tracking
Deals,IMPORT-DEAL-5DA4D84BA866,283,missing_deal_value,info,deal_value,Deal value is missing,nan,True,Provide estimated deal value
Deals,IMPORT-DEAL-5DA4D84BA866,283,missing_probability,info,probability,Closure probability is missing (not imputed),nan,True,Provide win probability
Deals,IMPORT-DEAL-0E6729C71451,284,customer_code_normalized,info,customer,Customer code normalized as 'COMPANY_199',COMPANY199,False,
Deals,IMPORT-DEAL-0E6729C71451,284,synthetic_deal_id,info,deal_id,Assigned surrogate import key IMPORT-DEAL-0E6729C71451 due to missing source primary key,,False,Maintain surrogate key for import tracking
Deals,IMPORT-DEAL-0E6729C71451,284,missing_probability,info,probability,Closure probability is missing (not imputed),nan,True,Provide win probability
Deals,IMPORT-DEAL-AE8BBF08F597,285,customer_code_normalized,info,customer,Customer code normalized as 'COMPANY_182',COMPANY182,False,
Deals,IMPORT-DEAL-AE8BBF08F597,285,synthetic_deal_id,info,deal_id,Assigned surrogate import key IMPORT-DEAL-AE8BBF08F597 due to missing source primary key,,False,Maintain surrogate key for import tracking
Deals,IMPORT-DEAL-AE8BBF08F597,285,missing_deal_value,info,deal_value,Deal value is missing,nan,True,Provide estimated deal value
Deals,IMPORT-DEAL-AE8BBF08F597,285,missing_probability,info,probability,Closure probability is missing (not imputed),nan,True,Provide win probability
Deals,IMPORT-DEAL-837845C34FBA,286,customer_code_normalized,info,customer,Customer code normalized as 'COMPANY_182',COMPANY182,False,
Deals,IMPORT-DEAL-837845C34FBA,286,synthetic_deal_id,info,deal_id,Assigned surrogate import key IMPORT-DEAL-837845C34FBA due to missing source primary key,,False,Maintain surrogate key for import tracking
Deals,IMPORT-DEAL-837845C34FBA,286,missing_deal_value,info,deal_value,Deal value is missing,nan,True,Provide estimated deal value
Deals,IMPORT-DEAL-837845C34FBA,286,missing_probability,info,probability,Closure probability is missing (not imputed),nan,True,Provide win probability
Deals,IMPORT-DEAL-8B77B483E981,287,customer_code_normalized,info,customer,Customer code normalized as 'COMPANY_182',COMPANY182,False,
Deals,IMPORT-DEAL-8B77B483E981,287,synthetic_deal_id,info,deal_id,Assigned surrogate import key IMPORT-DEAL-8B77B483E981 due to missing source primary key,,False,Maintain surrogate key for import tracking
Deals,IMPORT-DEAL-8B77B483E981,287,missing_deal_value,info,deal_value,Deal value is missing,nan,True,Provide estimated deal value
Deals,IMPORT-DEAL-8B77B483E981,287,missing_probability,info,probability,Closure probability is missing (not imputed),nan,True,Provide win probability
Deals,IMPORT-DEAL-8FF09BFF4584,288,customer_code_normalized,info,customer,Customer code normalized as 'COMPANY_038',COMPANY038,False,
Deals,IMPORT-DEAL-8FF09BFF4584,288,synthetic_deal_id,info,deal_id,Assigned surrogate import key IMPORT-DEAL-8FF09BFF4584 due to missing source primary key,,False,Maintain surrogate key for import tracking
Deals,IMPORT-DEAL-8FF09BFF4584,288,missing_deal_value,info,deal_value,Deal value is missing,nan,True,Provide estimated deal value
Deals,IMPORT-DEAL-8FF09BFF4584,288,missing_probability,info,probability,Closure probability is missing (not imputed),nan,True,Provide win probability
Deals,IMPORT-DEAL-3228EE886F70,289,customer_code_normalized,info,customer,Customer code normalized as 'COMPANY_182',COMPANY182,False,
Deals,IMPORT-DEAL-3228EE886F70,289,synthetic_deal_id,info,deal_id,Assigned surrogate import key IMPORT-DEAL-3228EE886F70 due to missing source primary key,,False,Maintain surrogate key for import tracking
Deals,IMPORT-DEAL-3228EE886F70,289,missing_deal_value,info,deal_value,Deal value is missing,nan,True,Provide estimated deal value
Deals,IMPORT-DEAL-3228EE886F70,289,missing_probability,info,probability,Closure probability is missing (not imputed),nan,True,Provide win probability
Deals,IMPORT-DEAL-F913A7FA4D21,290,customer_code_normalized,info,customer,Customer code normalized as 'COMPANY_082',COMPANY082,False,
Deals,IMPORT-DEAL-F913A7FA4D21,290,synthetic_deal_id,info,deal_id,Assigned surrogate import key IMPORT-DEAL-F913A7FA4D21 due to missing source primary key,,False,Maintain surrogate key for import tracking
Deals,IMPORT-DEAL-F913A7FA4D21,290,missing_probability,info,probability,Closure probability is missing (not imputed),nan,True,Provide win probability
Deals,IMPORT-DEAL-1B3265C2D958,291,customer_code_normalized,info,customer,Customer code normalized as 'COMPANY_064',COMPANY064,False,
Deals,IMPORT-DEAL-1B3265C2D958,291,synthetic_deal_id,info,deal_id,Assigned surrogate import key IMPORT-DEAL-1B3265C2D958 due to missing source primary key,,False,Maintain surrogate key for import tracking
Deals,IMPORT-DEAL-1B3265C2D958,291,missing_deal_value,info,deal_value,Deal value is missing,nan,True,Provide estimated deal value
Deals,IMPORT-DEAL-1B3265C2D958,291,missing_probability,info,probability,Closure probability is missing (not imputed),nan,True,Provide win probability
Deals,IMPORT-DEAL-60AEE917CDEE,292,customer_code_normalized,info,customer,Customer code normalized as 'COMPANY_181',COMPANY181,False,
Deals,IMPORT-DEAL-60AEE917CDEE,292,synthetic_deal_id,info,deal_id,Assigned surrogate import key IMPORT-DEAL-60AEE917CDEE due to missing source primary key,,False,Maintain surrogate key for import tracking
Deals,IMPORT-DEAL-60AEE917CDEE,292,missing_deal_value,info,deal_value,Deal value is missing,nan,True,Provide estimated deal value
Deals,IMPORT-DEAL-60AEE917CDEE,292,missing_probability,info,probability,Closure probability is missing (not imputed),nan,True,Provide win probability
Deals,IMPORT-DEAL-5F19E14EC19A,293,customer_code_normalized,info,customer,Customer code normalized as 'COMPANY_125',COMPANY125,False,
Deals,IMPORT-DEAL-5F19E14EC19A,293,synthetic_deal_id,info,deal_id,Assigned surrogate import key IMPORT-DEAL-5F19E14EC19A due to missing source primary key,,False,Maintain surrogate key for import tracking
Deals,IMPORT-DEAL-8B9D0C2DB776,294,customer_code_normalized,info,customer,Customer code normalized as 'COMPANY_062',COMPANY062,False,
Deals,IMPORT-DEAL-8B9D0C2DB776,294,synthetic_deal_id,info,deal_id,Assigned surrogate import key IMPORT-DEAL-8B9D0C2DB776 due to missing source primary key,,False,Maintain surrogate key for import tracking
Deals,IMPORT-DEAL-8B9D0C2DB776,294,missing_probability,info,probability,Closure probability is missing (not imputed),nan,True,Provide win probability
Deals,IMPORT-DEAL-B7D2439FDB19,295,customer_code_normalized,info,customer,Customer code normalized as 'COMPANY_019',COMPANY019,False,
Deals,IMPORT-DEAL-B7D2439FDB19,295,synthetic_deal_id,info,deal_id,Assigned surrogate import key IMPORT-DEAL-B7D2439FDB19 due to missing source primary key,,False,Maintain surrogate key for import tracking
Deals,IMPORT-DEAL-B7D2439FDB19,295,missing_deal_value,info,deal_value,Deal value is missing,nan,True,Provide estimated deal value
Deals,IMPORT-DEAL-B7D2439FDB19,295,missing_probability,info,probability,Closure probability is missing (not imputed),nan,True,Provide win probability
Deals,IMPORT-DEAL-9F6502BFE97B,296,customer_code_normalized,info,customer,Customer code normalized as 'COMPANY_022',COMPANY022,False,
Deals,IMPORT-DEAL-9F6502BFE97B,296,synthetic_deal_id,info,deal_id,Assigned surrogate import key IMPORT-DEAL-9F6502BFE97B due to missing source primary key,,False,Maintain surrogate key for import tracking
Deals,IMPORT-DEAL-9F6502BFE97B,296,missing_probability,info,probability,Closure probability is missing (not imputed),nan,True,Provide win probability
Deals,IMPORT-DEAL-4120DA5A0BB3,297,customer_code_normalized,info,customer,Customer code normalized as 'COMPANY_131',COMPANY131,False,
Deals,IMPORT-DEAL-4120DA5A0BB3,297,synthetic_deal_id,info,deal_id,Assigned surrogate import key IMPORT-DEAL-4120DA5A0BB3 due to missing source primary key,,False,Maintain surrogate key for import tracking
Deals,IMPORT-DEAL-4120DA5A0BB3,297,missing_probability,info,probability,Closure probability is missing (not imputed),nan,True,Provide win probability
Deals,IMPORT-DEAL-4EC2FC23D8BE,298,customer_code_normalized,info,customer,Customer code normalized as 'COMPANY_005',COMPANY005,False,
Deals,IMPORT-DEAL-4EC2FC23D8BE,298,synthetic_deal_id,info,deal_id,Assigned surrogate import key IMPORT-DEAL-4EC2FC23D8BE due to missing source primary key,,False,Maintain surrogate key for import tracking
Deals,IMPORT-DEAL-4EC2FC23D8BE,298,missing_deal_value,info,deal_value,Deal value is missing,nan,True,Provide estimated deal value
Deals,IMPORT-DEAL-4EC2FC23D8BE,298,missing_probability,info,probability,Closure probability is missing (not imputed),nan,True,Provide win probability
Deals,IMPORT-DEAL-4D31912233F2,299,customer_code_normalized,info,customer,Customer code normalized as 'COMPANY_005',COMPANY005,False,
Deals,IMPORT-DEAL-4D31912233F2,299,synthetic_deal_id,info,deal_id,Assigned surrogate import key IMPORT-DEAL-4D31912233F2 due to missing source primary key,,False,Maintain surrogate key for import tracking
Deals,IMPORT-DEAL-4D31912233F2,299,missing_probability,info,probability,Closure probability is missing (not imputed),nan,True,Provide win probability
Deals,IMPORT-DEAL-4A1C16264AC1,300,customer_code_normalized,info,customer,Customer code normalized as 'COMPANY_005',COMPANY005,False,
Deals,IMPORT-DEAL-4A1C16264AC1,300,synthetic_deal_id,info,deal_id,Assigned surrogate import key IMPORT-DEAL-4A1C16264AC1 due to missing source primary key,,False,Maintain surrogate key for import tracking
Deals,IMPORT-DEAL-4A1C16264AC1,300,missing_probability,info,probability,Closure probability is missing (not imputed),nan,True,Provide win probability
Deals,IMPORT-DEAL-77D83CA622F4,301,customer_code_normalized,info,customer,Customer code normalized as 'COMPANY_005',COMPANY005,False,
Deals,IMPORT-DEAL-77D83CA622F4,301,synthetic_deal_id,info,deal_id,Assigned surrogate import key IMPORT-DEAL-77D83CA622F4 due to missing source primary key,,False,Maintain surrogate key for import tracking
Deals,IMPORT-DEAL-77D83CA622F4,301,missing_probability,info,probability,Closure probability is missing (not imputed),nan,True,Provide win probability
Deals,IMPORT-DEAL-87A557ED4F07,302,customer_code_normalized,info,customer,Customer code normalized as 'COMPANY_005',COMPANY005,False,
Deals,IMPORT-DEAL-87A557ED4F07,302,synthetic_deal_id,info,deal_id,Assigned surrogate import key IMPORT-DEAL-87A557ED4F07 due to missing source primary key,,False,Maintain surrogate key for import tracking
Deals,IMPORT-DEAL-87A557ED4F07,302,missing_probability,info,probability,Closure probability is missing (not imputed),nan,True,Provide win probability
Deals,IMPORT-DEAL-3AF155D3AE37,303,customer_code_normalized,info,customer,Customer code normalized as 'COMPANY_169',COMPANY169,False,
Deals,IMPORT-DEAL-3AF155D3AE37,303,synthetic_deal_id,info,deal_id,Assigned surrogate import key IMPORT-DEAL-3AF155D3AE37 due to missing source primary key,,False,Maintain surrogate key for import tracking
Deals,IMPORT-DEAL-3AF155D3AE37,303,missing_deal_value,info,deal_value,Deal value is missing,nan,True,Provide estimated deal value
Deals,IMPORT-DEAL-B061A716B168,304,customer_code_normalized,info,customer,Customer code normalized as 'COMPANY_037',COMPANY037,False,
Deals,IMPORT-DEAL-B061A716B168,304,synthetic_deal_id,info,deal_id,Assigned surrogate import key IMPORT-DEAL-B061A716B168 due to missing source primary key,,False,Maintain surrogate key for import tracking
Deals,IMPORT-DEAL-B061A716B168,304,missing_deal_value,info,deal_value,Deal value is missing,nan,True,Provide estimated deal value
Deals,IMPORT-DEAL-B061A716B168,304,missing_probability,info,probability,Closure probability is missing (not imputed),nan,True,Provide win probability
Deals,IMPORT-DEAL-763C5388DF91,305,customer_code_normalized,info,customer,Customer code normalized as 'COMPANY_037',COMPANY037,False,
Deals,IMPORT-DEAL-763C5388DF91,305,synthetic_deal_id,info,deal_id,Assigned surrogate import key IMPORT-DEAL-763C5388DF91 due to missing source primary key,,False,Maintain surrogate key for import tracking
Deals,IMPORT-DEAL-763C5388DF91,305,missing_deal_value,info,deal_value,Deal value is missing,nan,True,Provide estimated deal value
Deals,IMPORT-DEAL-763C5388DF91,305,missing_probability,info,probability,Closure probability is missing (not imputed),nan,True,Provide win probability
Deals,IMPORT-DEAL-FC5BCE1757F6,306,customer_code_normalized,info,customer,Customer code normalized as 'COMPANY_005',COMPANY005,False,
Deals,IMPORT-DEAL-FC5BCE1757F6,306,synthetic_deal_id,info,deal_id,Assigned surrogate import key IMPORT-DEAL-FC5BCE1757F6 due to missing source primary key,,False,Maintain surrogate key for import tracking
Deals,IMPORT-DEAL-FC5BCE1757F6,306,missing_probability,info,probability,Closure probability is missing (not imputed),nan,True,Provide win probability
Deals,IMPORT-DEAL-38D66934F31E,307,customer_code_normalized,info,customer,Customer code normalized as 'COMPANY_005',COMPANY005,False,
Deals,IMPORT-DEAL-38D66934F31E,307,synthetic_deal_id,info,deal_id,Assigned surrogate import key IMPORT-DEAL-38D66934F31E due to missing source primary key,,False,Maintain surrogate key for import tracking
Deals,IMPORT-DEAL-38D66934F31E,307,missing_probability,info,probability,Closure probability is missing (not imputed),nan,True,Provide win probability
Deals,IMPORT-DEAL-15D99908C84D,308,customer_code_normalized,info,customer,Customer code normalized as 'COMPANY_186',COMPANY186,False,
Deals,IMPORT-DEAL-15D99908C84D,308,synthetic_deal_id,info,deal_id,Assigned surrogate import key IMPORT-DEAL-15D99908C84D due to missing source primary key,,False,Maintain surrogate key for import tracking
Deals,IMPORT-DEAL-15D99908C84D,308,missing_deal_value,info,deal_value,Deal value is missing,nan,True,Provide estimated deal value
Deals,IMPORT-DEAL-15D99908C84D,308,missing_probability,info,probability,Closure probability is missing (not imputed),nan,True,Provide win probability
Deals,IMPORT-DEAL-78B8F1E94EEA,309,customer_code_normalized,info,customer,Customer code normalized as 'COMPANY_038',COMPANY038,False,
Deals,IMPORT-DEAL-78B8F1E94EEA,309,synthetic_deal_id,info,deal_id,Assigned surrogate import key IMPORT-DEAL-78B8F1E94EEA due to missing source primary key,,False,Maintain surrogate key for import tracking
Deals,IMPORT-DEAL-78B8F1E94EEA,309,missing_deal_value,info,deal_value,Deal value is missing,nan,True,Provide estimated deal value
Deals,IMPORT-DEAL-78B8F1E94EEA,309,missing_probability,info,probability,Closure probability is missing (not imputed),nan,True,Provide win probability
Deals,IMPORT-DEAL-E0742A922E17,310,customer_code_normalized,info,customer,Customer code normalized as 'COMPANY_152',COMPANY152,False,
Deals,IMPORT-DEAL-E0742A922E17,310,synthetic_deal_id,info,deal_id,Assigned surrogate import key IMPORT-DEAL-E0742A922E17 due to missing source primary key,,False,Maintain surrogate key for import tracking
Deals,IMPORT-DEAL-E0742A922E17,310,missing_probability,info,probability,Closure probability is missing (not imputed),nan,True,Provide win probability
Deals,IMPORT-DEAL-0395FE9AE91E,311,customer_code_normalized,info,customer,Customer code normalized as 'COMPANY_133',COMPANY133,False,
Deals,IMPORT-DEAL-0395FE9AE91E,311,synthetic_deal_id,info,deal_id,Assigned surrogate import key IMPORT-DEAL-0395FE9AE91E due to missing source primary key,,False,Maintain surrogate key for import tracking
Deals,IMPORT-DEAL-0395FE9AE91E,311,missing_probability,info,probability,Closure probability is missing (not imputed),nan,True,Provide win probability
Deals,IMPORT-DEAL-FDF3BBB1C034,312,customer_code_normalized,info,customer,Customer code normalized as 'COMPANY_133',COMPANY133,False,
Deals,IMPORT-DEAL-FDF3BBB1C034,312,synthetic_deal_id,info,deal_id,Assigned surrogate import key IMPORT-DEAL-FDF3BBB1C034 due to missing source primary key,,False,Maintain surrogate key for import tracking
Deals,IMPORT-DEAL-FDF3BBB1C034,312,missing_probability,info,probability,Closure probability is missing (not imputed),nan,True,Provide win probability
Deals,IMPORT-DEAL-3B233C0470A7,313,customer_code_normalized,info,customer,Customer code normalized as 'COMPANY_031',COMPANY031,False,
Deals,IMPORT-DEAL-3B233C0470A7,313,synthetic_deal_id,info,deal_id,Assigned surrogate import key IMPORT-DEAL-3B233C0470A7 due to missing source primary key,,False,Maintain surrogate key for import tracking
Deals,IMPORT-DEAL-3B233C0470A7,313,missing_probability,info,probability,Closure probability is missing (not imputed),nan,True,Provide win probability
Deals,IMPORT-DEAL-4366B23697E4,314,customer_code_normalized,info,customer,Customer code normalized as 'COMPANY_007',COMPANY007,False,
Deals,IMPORT-DEAL-4366B23697E4,314,synthetic_deal_id,info,deal_id,Assigned surrogate import key IMPORT-DEAL-4366B23697E4 due to missing source primary key,,False,Maintain surrogate key for import tracking
Deals,IMPORT-DEAL-4366B23697E4,314,missing_probability,info,probability,Closure probability is missing (not imputed),nan,True,Provide win probability
Deals,IMPORT-DEAL-77F00DAFA5CD,315,customer_code_normalized,info,customer,Customer code normalized as 'COMPANY_011',COMPANY011,False,
Deals,IMPORT-DEAL-77F00DAFA5CD,315,synthetic_deal_id,info,deal_id,Assigned surrogate import key IMPORT-DEAL-77F00DAFA5CD due to missing source primary key,,False,Maintain surrogate key for import tracking
Deals,IMPORT-DEAL-77F00DAFA5CD,315,missing_probability,info,probability,Closure probability is missing (not imputed),nan,True,Provide win probability
Deals,IMPORT-DEAL-6C93B6E86941,316,customer_code_normalized,info,customer,Customer code normalized as 'COMPANY_061',COMPANY061,False,
Deals,IMPORT-DEAL-6C93B6E86941,316,synthetic_deal_id,info,deal_id,Assigned surrogate import key IMPORT-DEAL-6C93B6E86941 due to missing source primary key,,False,Maintain surrogate key for import tracking
Deals,IMPORT-DEAL-6C93B6E86941,316,missing_probability,info,probability,Closure probability is missing (not imputed),nan,True,Provide win probability
Deals,IMPORT-DEAL-B42D9521B66F,317,customer_code_normalized,info,customer,Customer code normalized as 'COMPANY_062',COMPANY062,False,
Deals,IMPORT-DEAL-B42D9521B66F,317,synthetic_deal_id,info,deal_id,Assigned surrogate import key IMPORT-DEAL-B42D9521B66F due to missing source primary key,,False,Maintain surrogate key for import tracking
Deals,IMPORT-DEAL-B42D9521B66F,317,missing_probability,info,probability,Closure probability is missing (not imputed),nan,True,Provide win probability
Deals,IMPORT-DEAL-77A21AE9103A,318,customer_code_normalized,info,customer,Customer code normalized as 'COMPANY_173',COMPANY173,False,
Deals,IMPORT-DEAL-77A21AE9103A,318,synthetic_deal_id,info,deal_id,Assigned surrogate import key IMPORT-DEAL-77A21AE9103A due to missing source primary key,,False,Maintain surrogate key for import tracking
Deals,IMPORT-DEAL-77A21AE9103A,318,missing_probability,info,probability,Closure probability is missing (not imputed),nan,True,Provide win probability
Deals,IMPORT-DEAL-9C00A0166898,319,customer_code_normalized,info,customer,Customer code normalized as 'COMPANY_004',COMPANY004,False,
Deals,IMPORT-DEAL-9C00A0166898,319,synthetic_deal_id,info,deal_id,Assigned surrogate import key IMPORT-DEAL-9C00A0166898 due to missing source primary key,,False,Maintain surrogate key for import tracking
Deals,IMPORT-DEAL-9C00A0166898,319,missing_probability,info,probability,Closure probability is missing (not imputed),nan,True,Provide win probability
Deals,IMPORT-DEAL-14D85AD6AA10,320,customer_code_normalized,info,customer,Customer code normalized as 'COMPANY_111',COMPANY111,False,
Deals,IMPORT-DEAL-14D85AD6AA10,320,synthetic_deal_id,info,deal_id,Assigned surrogate import key IMPORT-DEAL-14D85AD6AA10 due to missing source primary key,,False,Maintain surrogate key for import tracking
Deals,IMPORT-DEAL-14D85AD6AA10,320,missing_probability,info,probability,Closure probability is missing (not imputed),nan,True,Provide win probability
Deals,IMPORT-DEAL-4DA43574B009,321,customer_code_normalized,info,customer,Customer code normalized as 'COMPANY_007',COMPANY007,False,
Deals,IMPORT-DEAL-4DA43574B009,321,synthetic_deal_id,info,deal_id,Assigned surrogate import key IMPORT-DEAL-4DA43574B009 due to missing source primary key,,False,Maintain surrogate key for import tracking
Deals,IMPORT-DEAL-4DA43574B009,321,missing_probability,info,probability,Closure probability is missing (not imputed),nan,True,Provide win probability
Deals,IMPORT-DEAL-BD207508BF82,322,customer_code_normalized,info,customer,Customer code normalized as 'COMPANY_090',COMPANY090,False,
Deals,IMPORT-DEAL-BD207508BF82,322,synthetic_deal_id,info,deal_id,Assigned surrogate import key IMPORT-DEAL-BD207508BF82 due to missing source primary key,,False,Maintain surrogate key for import tracking
Deals,IMPORT-DEAL-BD207508BF82,322,missing_deal_value,info,deal_value,Deal value is missing,nan,True,Provide estimated deal value
Deals,IMPORT-DEAL-140B754759B4,323,customer_code_normalized,info,customer,Customer code normalized as 'COMPANY_084',COMPANY084,False,
Deals,IMPORT-DEAL-140B754759B4,323,synthetic_deal_id,info,deal_id,Assigned surrogate import key IMPORT-DEAL-140B754759B4 due to missing source primary key,,False,Maintain surrogate key for import tracking
Deals,IMPORT-DEAL-140B754759B4,323,missing_deal_value,info,deal_value,Deal value is missing,nan,True,Provide estimated deal value
Deals,IMPORT-DEAL-D90364CF6F07,324,customer_code_normalized,info,customer,Customer code normalized as 'COMPANY_180',COMPANY180,False,
Deals,IMPORT-DEAL-D90364CF6F07,324,synthetic_deal_id,info,deal_id,Assigned surrogate import key IMPORT-DEAL-D90364CF6F07 due to missing source primary key,,False,Maintain surrogate key for import tracking
Deals,IMPORT-DEAL-D83A4D43F711,325,customer_code_normalized,info,customer,Customer code normalized as 'COMPANY_105',COMPANY105,False,
Deals,IMPORT-DEAL-D83A4D43F711,325,synthetic_deal_id,info,deal_id,Assigned surrogate import key IMPORT-DEAL-D83A4D43F711 due to missing source primary key,,False,Maintain surrogate key for import tracking
Deals,IMPORT-DEAL-70AC240F490C,326,customer_code_normalized,info,customer,Customer code normalized as 'COMPANY_007',COMPANY007,False,
Deals,IMPORT-DEAL-70AC240F490C,326,synthetic_deal_id,info,deal_id,Assigned surrogate import key IMPORT-DEAL-70AC240F490C due to missing source primary key,,False,Maintain surrogate key for import tracking
Deals,IMPORT-DEAL-70AC240F490C,326,missing_probability,info,probability,Closure probability is missing (not imputed),nan,True,Provide win probability
Deals,IMPORT-DEAL-641B700C628A,327,customer_code_normalized,info,customer,Customer code normalized as 'COMPANY_128',COMPANY128,False,
Deals,IMPORT-DEAL-641B700C628A,327,synthetic_deal_id,info,deal_id,Assigned surrogate import key IMPORT-DEAL-641B700C628A due to missing source primary key,,False,Maintain surrogate key for import tracking
Deals,IMPORT-DEAL-641B700C628A,327,missing_deal_value,info,deal_value,Deal value is missing,nan,True,Provide estimated deal value
Deals,IMPORT-DEAL-641B700C628A,327,missing_probability,info,probability,Closure probability is missing (not imputed),nan,True,Provide win probability
Deals,IMPORT-DEAL-18977B5F4BA4,328,customer_code_normalized,info,customer,Customer code normalized as 'COMPANY_130',COMPANY130,False,
Deals,IMPORT-DEAL-18977B5F4BA4,328,synthetic_deal_id,info,deal_id,Assigned surrogate import key IMPORT-DEAL-18977B5F4BA4 due to missing source primary key,,False,Maintain surrogate key for import tracking
Deals,IMPORT-DEAL-18977B5F4BA4,328,missing_deal_value,info,deal_value,Deal value is missing,nan,True,Provide estimated deal value
Deals,IMPORT-DEAL-18977B5F4BA4,328,missing_probability,info,probability,Closure probability is missing (not imputed),nan,True,Provide win probability
Deals,IMPORT-DEAL-B8D1BABD5331,329,customer_code_normalized,info,customer,Customer code normalized as 'COMPANY_096',COMPANY096,False,
Deals,IMPORT-DEAL-B8D1BABD5331,329,synthetic_deal_id,info,deal_id,Assigned surrogate import key IMPORT-DEAL-B8D1BABD5331 due to missing source primary key,,False,Maintain surrogate key for import tracking
Deals,IMPORT-DEAL-D327B76512F2,330,customer_code_normalized,info,customer,Customer code normalized as 'COMPANY_104',COMPANY104,False,
Deals,IMPORT-DEAL-D327B76512F2,330,synthetic_deal_id,info,deal_id,Assigned surrogate import key IMPORT-DEAL-D327B76512F2 due to missing source primary key,,False,Maintain surrogate key for import tracking
Deals,IMPORT-DEAL-896A03D93073,331,customer_code_normalized,info,customer,Customer code normalized as 'COMPANY_038',COMPANY038,False,
Deals,IMPORT-DEAL-896A03D93073,331,synthetic_deal_id,info,deal_id,Assigned surrogate import key IMPORT-DEAL-896A03D93073 due to missing source primary key,,False,Maintain surrogate key for import tracking
Deals,IMPORT-DEAL-67566767DFC5,332,customer_code_normalized,info,customer,Customer code normalized as 'COMPANY_124',COMPANY124,False,
Deals,IMPORT-DEAL-67566767DFC5,332,synthetic_deal_id,info,deal_id,Assigned surrogate import key IMPORT-DEAL-67566767DFC5 due to missing source primary key,,False,Maintain surrogate key for import tracking
Deals,IMPORT-DEAL-CC81299985EF,333,customer_code_normalized,info,customer,Customer code normalized as 'COMPANY_086',COMPANY086,False,
Deals,IMPORT-DEAL-CC81299985EF,333,synthetic_deal_id,info,deal_id,Assigned surrogate import key IMPORT-DEAL-CC81299985EF due to missing source primary key,,False,Maintain surrogate key for import tracking
Deals,IMPORT-DEAL-1410FCDB6BB1,334,customer_code_normalized,info,customer,Customer code normalized as 'COMPANY_111',COMPANY111,False,
Deals,IMPORT-DEAL-1410FCDB6BB1,334,synthetic_deal_id,info,deal_id,Assigned surrogate import key IMPORT-DEAL-1410FCDB6BB1 due to missing source primary key,,False,Maintain surrogate key for import tracking
Deals,IMPORT-DEAL-3DA3D6DD38E4,335,customer_code_normalized,info,customer,Customer code normalized as 'COMPANY_111',COMPANY111,False,
Deals,IMPORT-DEAL-3DA3D6DD38E4,335,synthetic_deal_id,info,deal_id,Assigned surrogate import key IMPORT-DEAL-3DA3D6DD38E4 due to missing source primary key,,False,Maintain surrogate key for import tracking
Deals,IMPORT-DEAL-0FBC81D69AD9,336,customer_code_normalized,info,customer,Customer code normalized as 'COMPANY_182',COMPANY182,False,
Deals,IMPORT-DEAL-0FBC81D69AD9,336,synthetic_deal_id,info,deal_id,Assigned surrogate import key IMPORT-DEAL-0FBC81D69AD9 due to missing source primary key,,False,Maintain surrogate key for import tracking
Deals,IMPORT-DEAL-A94CE298FB35,337,customer_code_normalized,info,customer,Customer code normalized as 'COMPANY_184',COMPANY184,False,
Deals,IMPORT-DEAL-A94CE298FB35,337,synthetic_deal_id,info,deal_id,Assigned surrogate import key IMPORT-DEAL-A94CE298FB35 due to missing source primary key,,False,Maintain surrogate key for import tracking
Deals,IMPORT-DEAL-099C5ED77F96,338,customer_code_normalized,info,customer,Customer code normalized as 'COMPANY_138',COMPANY138,False,
Deals,IMPORT-DEAL-099C5ED77F96,338,synthetic_deal_id,info,deal_id,Assigned surrogate import key IMPORT-DEAL-099C5ED77F96 due to missing source primary key,,False,Maintain surrogate key for import tracking
Deals,IMPORT-DEAL-0015B597827B,339,customer_code_normalized,info,customer,Customer code normalized as 'COMPANY_139',COMPANY139,False,
Deals,IMPORT-DEAL-0015B597827B,339,synthetic_deal_id,info,deal_id,Assigned surrogate import key IMPORT-DEAL-0015B597827B due to missing source primary key,,False,Maintain surrogate key for import tracking
Deals,IMPORT-DEAL-1F613348D1C5,340,customer_code_normalized,info,customer,Customer code normalized as 'COMPANY_136',COMPANY136,False,
Deals,IMPORT-DEAL-1F613348D1C5,340,synthetic_deal_id,info,deal_id,Assigned surrogate import key IMPORT-DEAL-1F613348D1C5 due to missing source primary key,,False,Maintain surrogate key for import tracking
Deals,IMPORT-DEAL-1F613348D1C5,340,missing_deal_value,info,deal_value,Deal value is missing,nan,True,Provide estimated deal value
Deals,IMPORT-DEAL-1F613348D1C5,340,missing_exact_close_date,info,expected_close_date,Tentative close date is missing,nan,False,
Deals,IMPORT-DEAL-74021D401333,341,customer_code_normalized,info,customer,Customer code normalized as 'COMPANY_040',COMPANY040,False,
Deals,IMPORT-DEAL-74021D401333,341,synthetic_deal_id,info,deal_id,Assigned surrogate import key IMPORT-DEAL-74021D401333 due to missing source primary key,,False,Maintain surrogate key for import tracking
Deals,IMPORT-DEAL-5FDCB4E91416,342,customer_code_normalized,info,customer,Customer code normalized as 'COMPANY_041',COMPANY041,False,
Deals,IMPORT-DEAL-5FDCB4E91416,342,synthetic_deal_id,info,deal_id,Assigned surrogate import key IMPORT-DEAL-5FDCB4E91416 due to missing source primary key,,False,Maintain surrogate key for import tracking
Deals,IMPORT-DEAL-D6BA6066F815,343,customer_code_normalized,info,customer,Customer code normalized as 'COMPANY_181',COMPANY181,False,
Deals,IMPORT-DEAL-D6BA6066F815,343,synthetic_deal_id,info,deal_id,Assigned surrogate import key IMPORT-DEAL-D6BA6066F815 due to missing source primary key,,False,Maintain surrogate key for import tracking
Deals,IMPORT-DEAL-ECD3002C391F,344,customer_code_normalized,info,customer,Customer code normalized as 'COMPANY_170',COMPANY170,False,
Deals,IMPORT-DEAL-ECD3002C391F,344,synthetic_deal_id,info,deal_id,Assigned surrogate import key IMPORT-DEAL-ECD3002C391F due to missing source primary key,,False,Maintain surrogate key for import tracking
Deals,IMPORT-DEAL-AD239C4EE5A3,345,customer_code_normalized,info,customer,Customer code normalized as 'COMPANY_132',COMPANY132,False,
Deals,IMPORT-DEAL-AD239C4EE5A3,345,synthetic_deal_id,info,deal_id,Assigned surrogate import key IMPORT-DEAL-AD239C4EE5A3 due to missing source primary key,,False,Maintain surrogate key for import tracking
Deals,IMPORT-DEAL-0F350D7584B3,346,customer_code_normalized,info,customer,Customer code normalized as 'COMPANY_132',COMPANY132,False,
Deals,IMPORT-DEAL-0F350D7584B3,346,synthetic_deal_id,info,deal_id,Assigned surrogate import key IMPORT-DEAL-0F350D7584B3 due to missing source primary key,,False,Maintain surrogate key for import tracking
Deals,IMPORT-DEAL-0D0148DF027D,347,customer_code_normalized,info,customer,Customer code normalized as 'COMPANY_078',COMPANY078,False,
Deals,IMPORT-DEAL-0D0148DF027D,347,synthetic_deal_id,info,deal_id,Assigned surrogate import key IMPORT-DEAL-0D0148DF027D due to missing source primary key,,False,Maintain surrogate key for import tracking
Work Orders,SDPLDEAL-075,3,no_source_deal_reference,info,deal_reference,deal_reference remains null (no verified deal lookup in raw file),,False,
Work Orders,SDPLDEAL-075,3,customer_code_normalized,info,customer,Customer code normalized as 'COMPANY_002',WOCOMPANY_002,False,
Work Orders,SDPLDEAL-101,4,no_source_deal_reference,info,deal_reference,deal_reference remains null (no verified deal lookup in raw file),,False,
Work Orders,SDPLDEAL-101,4,customer_code_normalized,info,customer,Customer code normalized as 'COMPANY_038',WOCOMPANY_038,False,
Work Orders,SDPLDEAL-002,5,no_source_deal_reference,info,deal_reference,deal_reference remains null (no verified deal lookup in raw file),,False,
Work Orders,SDPLDEAL-002,5,customer_code_normalized,info,customer,Customer code normalized as 'COMPANY_002',WOCOMPANY_002,False,
Work Orders,SDPLDEAL-003,6,no_source_deal_reference,info,deal_reference,deal_reference remains null (no verified deal lookup in raw file),,False,
Work Orders,SDPLDEAL-003,6,customer_code_normalized,info,customer,Customer code normalized as 'COMPANY_002',WOCOMPANY_002,False,
Work Orders,SDPLDEAL-004,7,no_source_deal_reference,info,deal_reference,deal_reference remains null (no verified deal lookup in raw file),,False,
Work Orders,SDPLDEAL-004,7,customer_code_normalized,info,customer,Customer code normalized as 'COMPANY_032',WOCOMPANY_032,False,
Work Orders,SDPLDEAL-005,8,no_source_deal_reference,info,deal_reference,deal_reference remains null (no verified deal lookup in raw file),,False,
Work Orders,SDPLDEAL-005,8,customer_code_normalized,info,customer,Customer code normalized as 'COMPANY_008',WOCOMPANY_008,False,
Work Orders,SDPLDEAL-001,9,no_source_deal_reference,info,deal_reference,deal_reference remains null (no verified deal lookup in raw file),,False,
Work Orders,SDPLDEAL-001,9,customer_code_normalized,info,customer,Customer code normalized as 'COMPANY_047',WOCOMPANY_047,False,
Work Orders,SDPLDEAL-006,10,no_source_deal_reference,info,deal_reference,deal_reference remains null (no verified deal lookup in raw file),,False,
Work Orders,SDPLDEAL-006,10,customer_code_normalized,info,customer,Customer code normalized as 'COMPANY_002',WOCOMPANY_002,False,
Work Orders,SDPLDEAL-007,11,no_source_deal_reference,info,deal_reference,deal_reference remains null (no verified deal lookup in raw file),,False,
Work Orders,SDPLDEAL-007,11,customer_code_normalized,info,customer,Customer code normalized as 'COMPANY_002',WOCOMPANY_002,False,
Work Orders,SDPLDEAL-008,12,no_source_deal_reference,info,deal_reference,deal_reference remains null (no verified deal lookup in raw file),,False,
Work Orders,SDPLDEAL-008,12,customer_code_normalized,info,customer,Customer code normalized as 'COMPANY_051',WOCOMPANY_051,False,
Work Orders,SDPLDEAL-009,13,no_source_deal_reference,info,deal_reference,deal_reference remains null (no verified deal lookup in raw file),,False,
Work Orders,SDPLDEAL-009,13,customer_code_normalized,info,customer,Customer code normalized as 'COMPANY_051',WOCOMPANY_051,False,
Work Orders,SDPLDEAL-010,14,no_source_deal_reference,info,deal_reference,deal_reference remains null (no verified deal lookup in raw file),,False,
Work Orders,SDPLDEAL-010,14,customer_code_normalized,info,customer,Customer code normalized as 'COMPANY_051',WOCOMPANY_051,False,
Work Orders,SDPLDEAL-011,15,no_source_deal_reference,info,deal_reference,deal_reference remains null (no verified deal lookup in raw file),,False,
Work Orders,SDPLDEAL-011,15,customer_code_normalized,info,customer,Customer code normalized as 'COMPANY_051',WOCOMPANY_051,False,
Work Orders,SDPLDEAL-012,16,no_source_deal_reference,info,deal_reference,deal_reference remains null (no verified deal lookup in raw file),,False,
Work Orders,SDPLDEAL-012,16,customer_code_normalized,info,customer,Customer code normalized as 'COMPANY_051',WOCOMPANY_051,False,
Work Orders,SDPLDEAL-013,17,no_source_deal_reference,info,deal_reference,deal_reference remains null (no verified deal lookup in raw file),,False,
Work Orders,SDPLDEAL-013,17,customer_code_normalized,info,customer,Customer code normalized as 'COMPANY_051',WOCOMPANY_051,False,
Work Orders,SDPLDEAL-014,18,no_source_deal_reference,info,deal_reference,deal_reference remains null (no verified deal lookup in raw file),,False,
Work Orders,SDPLDEAL-014,18,customer_code_normalized,info,customer,Customer code normalized as 'COMPANY_051',WOCOMPANY_051,False,
Work Orders,SDPLDEAL-015,19,no_source_deal_reference,info,deal_reference,deal_reference remains null (no verified deal lookup in raw file),,False,
Work Orders,SDPLDEAL-015,19,customer_code_normalized,info,customer,Customer code normalized as 'COMPANY_051',WOCOMPANY_051,False,
Work Orders,SDPLDEAL-016,20,no_source_deal_reference,info,deal_reference,deal_reference remains null (no verified deal lookup in raw file),,False,
Work Orders,SDPLDEAL-016,20,customer_code_normalized,info,customer,Customer code normalized as 'COMPANY_051',WOCOMPANY_051,False,
Work Orders,SDPLDEAL-017,21,no_source_deal_reference,info,deal_reference,deal_reference remains null (no verified deal lookup in raw file),,False,
Work Orders,SDPLDEAL-017,21,customer_code_normalized,info,customer,Customer code normalized as 'COMPANY_051',WOCOMPANY_051,False,
Work Orders,SDPLDEAL-018,22,no_source_deal_reference,info,deal_reference,deal_reference remains null (no verified deal lookup in raw file),,False,
Work Orders,SDPLDEAL-018,22,customer_code_normalized,info,customer,Customer code normalized as 'COMPANY_051',WOCOMPANY_051,False,
Work Orders,SDPLDEAL-019,23,no_source_deal_reference,info,deal_reference,deal_reference remains null (no verified deal lookup in raw file),,False,
Work Orders,SDPLDEAL-019,23,customer_code_normalized,info,customer,Customer code normalized as 'COMPANY_051',WOCOMPANY_051,False,
Work Orders,SDPLDEAL-020,24,no_source_deal_reference,info,deal_reference,deal_reference remains null (no verified deal lookup in raw file),,False,
Work Orders,SDPLDEAL-020,24,customer_code_normalized,info,customer,Customer code normalized as 'COMPANY_051',WOCOMPANY_051,False,
Work Orders,SDPLDEAL-021,25,no_source_deal_reference,info,deal_reference,deal_reference remains null (no verified deal lookup in raw file),,False,
Work Orders,SDPLDEAL-021,25,customer_code_normalized,info,customer,Customer code normalized as 'COMPANY_036',WOCOMPANY_036,False,
Work Orders,SDPLDEAL-022,26,no_source_deal_reference,info,deal_reference,deal_reference remains null (no verified deal lookup in raw file),,False,
Work Orders,SDPLDEAL-022,26,customer_code_normalized,info,customer,Customer code normalized as 'COMPANY_036',WOCOMPANY_036,False,
Work Orders,SDPLDEAL-024,27,no_source_deal_reference,info,deal_reference,deal_reference remains null (no verified deal lookup in raw file),,False,
Work Orders,SDPLDEAL-024,27,customer_code_normalized,info,customer,Customer code normalized as 'COMPANY_036',WOCOMPANY_036,False,
Work Orders,SDPLDEAL-023,28,no_source_deal_reference,info,deal_reference,deal_reference remains null (no verified deal lookup in raw file),,False,
Work Orders,SDPLDEAL-023,28,customer_code_normalized,info,customer,Customer code normalized as 'COMPANY_036',WOCOMPANY_036,False,
Work Orders,SDPLDEAL-025,29,no_source_deal_reference,info,deal_reference,deal_reference remains null (no verified deal lookup in raw file),,False,
Work Orders,SDPLDEAL-025,29,customer_code_normalized,info,customer,Customer code normalized as 'COMPANY_051',WOCOMPANY_051,False,
Work Orders,SDPLDEAL-026,30,no_source_deal_reference,info,deal_reference,deal_reference remains null (no verified deal lookup in raw file),,False,
Work Orders,SDPLDEAL-026,30,customer_code_normalized,info,customer,Customer code normalized as 'COMPANY_005',WOCOMPANY_005,False,
Work Orders,SDPLDEAL-027,31,no_source_deal_reference,info,deal_reference,deal_reference remains null (no verified deal lookup in raw file),,False,
Work Orders,SDPLDEAL-027,31,customer_code_normalized,info,customer,Customer code normalized as 'COMPANY_005',WOCOMPANY_005,False,
Work Orders,SDPLDEAL-028,32,no_source_deal_reference,info,deal_reference,deal_reference remains null (no verified deal lookup in raw file),,False,
Work Orders,SDPLDEAL-028,32,customer_code_normalized,info,customer,Customer code normalized as 'COMPANY_005',WOCOMPANY_005,False,
Work Orders,SDPLDEAL-029,33,no_source_deal_reference,info,deal_reference,deal_reference remains null (no verified deal lookup in raw file),,False,
Work Orders,SDPLDEAL-029,33,customer_code_normalized,info,customer,Customer code normalized as 'COMPANY_005',WOCOMPANY_005,False,
Work Orders,SDPLDEAL-030,34,no_source_deal_reference,info,deal_reference,deal_reference remains null (no verified deal lookup in raw file),,False,
Work Orders,SDPLDEAL-030,34,customer_code_normalized,info,customer,Customer code normalized as 'COMPANY_020',WOCOMPANY_020,False,
Work Orders,SDPLDEAL-031,35,no_source_deal_reference,info,deal_reference,deal_reference remains null (no verified deal lookup in raw file),,False,
Work Orders,SDPLDEAL-031,35,customer_code_normalized,info,customer,Customer code normalized as 'COMPANY_020',WOCOMPANY_020,False,
Work Orders,SDPLDEAL-032,36,no_source_deal_reference,info,deal_reference,deal_reference remains null (no verified deal lookup in raw file),,False,
Work Orders,SDPLDEAL-032,36,customer_code_normalized,info,customer,Customer code normalized as 'COMPANY_020',WOCOMPANY_020,False,
Work Orders,SDPLDEAL-033,37,no_source_deal_reference,info,deal_reference,deal_reference remains null (no verified deal lookup in raw file),,False,
Work Orders,SDPLDEAL-033,37,customer_code_normalized,info,customer,Customer code normalized as 'COMPANY_043',WOCOMPANY_043,False,
Work Orders,SDPLDEAL-034,38,no_source_deal_reference,info,deal_reference,deal_reference remains null (no verified deal lookup in raw file),,False,
Work Orders,SDPLDEAL-034,38,customer_code_normalized,info,customer,Customer code normalized as 'COMPANY_001',WOCOMPANY_001,False,
Work Orders,SDPLDEAL-035,39,no_source_deal_reference,info,deal_reference,deal_reference remains null (no verified deal lookup in raw file),,False,
Work Orders,SDPLDEAL-035,39,customer_code_normalized,info,customer,Customer code normalized as 'COMPANY_045',WOCOMPANY_045,False,
Work Orders,SDPLDEAL-037,40,no_source_deal_reference,info,deal_reference,deal_reference remains null (no verified deal lookup in raw file),,False,
Work Orders,SDPLDEAL-037,40,customer_code_normalized,info,customer,Customer code normalized as 'COMPANY_052',WOCOMPANY_052,False,
Work Orders,SDPLDEAL-038,41,no_source_deal_reference,info,deal_reference,deal_reference remains null (no verified deal lookup in raw file),,False,
Work Orders,SDPLDEAL-038,41,customer_code_normalized,info,customer,Customer code normalized as 'COMPANY_052',WOCOMPANY_052,False,
Work Orders,SDPLDEAL-040,42,no_source_deal_reference,info,deal_reference,deal_reference remains null (no verified deal lookup in raw file),,False,
Work Orders,SDPLDEAL-040,42,customer_code_normalized,info,customer,Customer code normalized as 'COMPANY_009',WOCOMPANY_009,False,
Work Orders,SDPLDEAL-041,43,no_source_deal_reference,info,deal_reference,deal_reference remains null (no verified deal lookup in raw file),,False,
Work Orders,SDPLDEAL-041,43,customer_code_normalized,info,customer,Customer code normalized as 'COMPANY_009',WOCOMPANY_009,False,
Work Orders,SDPLDEAL-042,44,no_source_deal_reference,info,deal_reference,deal_reference remains null (no verified deal lookup in raw file),,False,
Work Orders,SDPLDEAL-042,44,customer_code_normalized,info,customer,Customer code normalized as 'COMPANY_009',WOCOMPANY_009,False,
Work Orders,SDPLDEAL-043,45,no_source_deal_reference,info,deal_reference,deal_reference remains null (no verified deal lookup in raw file),,False,
Work Orders,SDPLDEAL-043,45,customer_code_normalized,info,customer,Customer code normalized as 'COMPANY_021',WOCOMPANY_021,False,
Work Orders,SDPLDEAL-044,46,no_source_deal_reference,info,deal_reference,deal_reference remains null (no verified deal lookup in raw file),,False,
Work Orders,SDPLDEAL-044,46,customer_code_normalized,info,customer,Customer code normalized as 'COMPANY_005',WOCOMPANY_005,False,
Work Orders,SDPLDEAL-046,47,no_source_deal_reference,info,deal_reference,deal_reference remains null (no verified deal lookup in raw file),,False,
Work Orders,SDPLDEAL-046,47,customer_code_normalized,info,customer,Customer code normalized as 'COMPANY_051',WOCOMPANY_051,False,
Work Orders,SDPLDEAL-047,48,no_source_deal_reference,info,deal_reference,deal_reference remains null (no verified deal lookup in raw file),,False,
Work Orders,SDPLDEAL-047,48,customer_code_normalized,info,customer,Customer code normalized as 'COMPANY_051',WOCOMPANY_051,False,
Work Orders,SDPLDEAL-048,49,no_source_deal_reference,info,deal_reference,deal_reference remains null (no verified deal lookup in raw file),,False,
Work Orders,SDPLDEAL-048,49,customer_code_normalized,info,customer,Customer code normalized as 'COMPANY_051',WOCOMPANY_051,False,
Work Orders,SDPLDEAL-049,50,no_source_deal_reference,info,deal_reference,deal_reference remains null (no verified deal lookup in raw file),,False,
Work Orders,SDPLDEAL-049,50,customer_code_normalized,info,customer,Customer code normalized as 'COMPANY_051',WOCOMPANY_051,False,
Work Orders,SDPLDEAL-050,51,no_source_deal_reference,info,deal_reference,deal_reference remains null (no verified deal lookup in raw file),,False,
Work Orders,SDPLDEAL-050,51,customer_code_normalized,info,customer,Customer code normalized as 'COMPANY_046',WOCOMPANY_046,False,
Work Orders,SDPLDEAL-051,52,no_source_deal_reference,info,deal_reference,deal_reference remains null (no verified deal lookup in raw file),,False,
Work Orders,SDPLDEAL-051,52,customer_code_normalized,info,customer,Customer code normalized as 'COMPANY_009',WOCOMPANY_009,False,
Work Orders,SDPLDEAL-053,53,no_source_deal_reference,info,deal_reference,deal_reference remains null (no verified deal lookup in raw file),,False,
Work Orders,SDPLDEAL-053,53,customer_code_normalized,info,customer,Customer code normalized as 'COMPANY_031',WOCOMPANY_031,False,
Work Orders,SDPLDEAL-054,54,no_source_deal_reference,info,deal_reference,deal_reference remains null (no verified deal lookup in raw file),,False,
Work Orders,SDPLDEAL-054,54,customer_code_normalized,info,customer,Customer code normalized as 'COMPANY_036',WOCOMPANY_036,False,
Work Orders,SDPLDEAL-055,55,no_source_deal_reference,info,deal_reference,deal_reference remains null (no verified deal lookup in raw file),,False,
Work Orders,SDPLDEAL-055,55,customer_code_normalized,info,customer,Customer code normalized as 'COMPANY_018',WOCOMPANY_018,False,
Work Orders,SDPLDEAL-056,56,no_source_deal_reference,info,deal_reference,deal_reference remains null (no verified deal lookup in raw file),,False,
Work Orders,SDPLDEAL-056,56,customer_code_normalized,info,customer,Customer code normalized as 'COMPANY_002',WOCOMPANY_002,False,
Work Orders,SDPLDEAL-057,57,no_source_deal_reference,info,deal_reference,deal_reference remains null (no verified deal lookup in raw file),,False,
Work Orders,SDPLDEAL-057,57,customer_code_normalized,info,customer,Customer code normalized as 'COMPANY_018',WOCOMPANY_018,False,
Work Orders,SDPLDEAL-058,58,no_source_deal_reference,info,deal_reference,deal_reference remains null (no verified deal lookup in raw file),,False,
Work Orders,SDPLDEAL-058,58,customer_code_normalized,info,customer,Customer code normalized as 'COMPANY_026',WOCOMPANY_026,False,
Work Orders,SDPLDEAL-060,59,no_source_deal_reference,info,deal_reference,deal_reference remains null (no verified deal lookup in raw file),,False,
Work Orders,SDPLDEAL-060,59,customer_code_normalized,info,customer,Customer code normalized as 'COMPANY_039',WOCOMPANY_039,False,
Work Orders,SDPLDEAL-061,60,no_source_deal_reference,info,deal_reference,deal_reference remains null (no verified deal lookup in raw file),,False,
Work Orders,SDPLDEAL-061,60,customer_code_normalized,info,customer,Customer code normalized as 'COMPANY_048',WOCOMPANY_048,False,
Work Orders,SDPLDEAL-062,61,no_source_deal_reference,info,deal_reference,deal_reference remains null (no verified deal lookup in raw file),,False,
Work Orders,SDPLDEAL-062,61,customer_code_normalized,info,customer,Customer code normalized as 'COMPANY_050',WOCOMPANY_050,False,
Work Orders,SDPLDEAL-063,62,no_source_deal_reference,info,deal_reference,deal_reference remains null (no verified deal lookup in raw file),,False,
Work Orders,SDPLDEAL-063,62,customer_code_normalized,info,customer,Customer code normalized as 'COMPANY_051',WOCOMPANY_051,False,
Work Orders,SDPLDEAL-065,63,no_source_deal_reference,info,deal_reference,deal_reference remains null (no verified deal lookup in raw file),,False,
Work Orders,SDPLDEAL-065,63,customer_code_normalized,info,customer,Customer code normalized as 'COMPANY_012',WOCOMPANY_012,False,
Work Orders,SDPLDEAL-066,64,no_source_deal_reference,info,deal_reference,deal_reference remains null (no verified deal lookup in raw file),,False,
Work Orders,SDPLDEAL-066,64,customer_code_normalized,info,customer,Customer code normalized as 'COMPANY_019',WOCOMPANY_019,False,
Work Orders,SDPLDEAL-067,65,no_source_deal_reference,info,deal_reference,deal_reference remains null (no verified deal lookup in raw file),,False,
Work Orders,SDPLDEAL-067,65,customer_code_normalized,info,customer,Customer code normalized as 'COMPANY_022',WOCOMPANY_022,False,
Work Orders,SDPLDEAL-068,66,no_source_deal_reference,info,deal_reference,deal_reference remains null (no verified deal lookup in raw file),,False,
Work Orders,SDPLDEAL-068,66,customer_code_normalized,info,customer,Customer code normalized as 'COMPANY_019',WOCOMPANY_019,False,
Work Orders,SDPLDEAL-069,67,no_source_deal_reference,info,deal_reference,deal_reference remains null (no verified deal lookup in raw file),,False,
Work Orders,SDPLDEAL-069,67,customer_code_normalized,info,customer,Customer code normalized as 'COMPANY_019',WOCOMPANY_019,False,
Work Orders,SDPLDEAL-070,68,no_source_deal_reference,info,deal_reference,deal_reference remains null (no verified deal lookup in raw file),,False,
Work Orders,SDPLDEAL-070,68,customer_code_normalized,info,customer,Customer code normalized as 'COMPANY_019',WOCOMPANY_019,False,
Work Orders,SDPLDEAL-071,69,no_source_deal_reference,info,deal_reference,deal_reference remains null (no verified deal lookup in raw file),,False,
Work Orders,SDPLDEAL-071,69,customer_code_normalized,info,customer,Customer code normalized as 'COMPANY_019',WOCOMPANY_019,False,
Work Orders,SDPLDEAL-072,70,no_source_deal_reference,info,deal_reference,deal_reference remains null (no verified deal lookup in raw file),,False,
Work Orders,SDPLDEAL-072,70,customer_code_normalized,info,customer,Customer code normalized as 'COMPANY_019',WOCOMPANY_019,False,
Work Orders,SDPLDEAL-073,71,no_source_deal_reference,info,deal_reference,deal_reference remains null (no verified deal lookup in raw file),,False,
Work Orders,SDPLDEAL-073,71,customer_code_normalized,info,customer,Customer code normalized as 'COMPANY_051',WOCOMPANY_051,False,
Work Orders,SDPLDEAL-074,72,no_source_deal_reference,info,deal_reference,deal_reference remains null (no verified deal lookup in raw file),,False,
Work Orders,SDPLDEAL-074,72,customer_code_normalized,info,customer,Customer code normalized as 'COMPANY_022',WOCOMPANY_022,False,
Work Orders,SDPLDEAL-076,73,no_source_deal_reference,info,deal_reference,deal_reference remains null (no verified deal lookup in raw file),,False,
Work Orders,SDPLDEAL-076,73,customer_code_normalized,info,customer,Customer code normalized as 'COMPANY_006',WOCOMPANY_006,False,
Work Orders,SDPLDEAL-077,74,no_source_deal_reference,info,deal_reference,deal_reference remains null (no verified deal lookup in raw file),,False,
Work Orders,SDPLDEAL-077,74,customer_code_normalized,info,customer,Customer code normalized as 'COMPANY_042',WOCOMPANY_042,False,
Work Orders,SDPLDEAL-077,74,unexpected_tax_rate,warning,implied_tax_rate,Cannot calculate implied tax rate with non-positive exclusive amount 0.0,"excl:0.0, incl:0.0",False,Verify tax calculation and contract tax terms
Work Orders,SDPLDEAL-078,75,no_source_deal_reference,info,deal_reference,deal_reference remains null (no verified deal lookup in raw file),,False,
Work Orders,SDPLDEAL-078,75,customer_code_normalized,info,customer,Customer code normalized as 'COMPANY_052',WOCOMPANY_052,False,
Work Orders,SDPLDEAL-078,75,unexpected_tax_rate,warning,implied_tax_rate,Cannot calculate implied tax rate with non-positive exclusive amount 0.0,"excl:0.0, incl:0.0",False,Verify tax calculation and contract tax terms
Work Orders,SDPLDEAL-079,76,no_source_deal_reference,info,deal_reference,deal_reference remains null (no verified deal lookup in raw file),,False,
Work Orders,SDPLDEAL-079,76,customer_code_normalized,info,customer,Customer code normalized as 'COMPANY_015',WOCOMPANY_015,False,
Work Orders,SDPLDEAL-080,77,no_source_deal_reference,info,deal_reference,deal_reference remains null (no verified deal lookup in raw file),,False,
Work Orders,SDPLDEAL-080,77,customer_code_normalized,info,customer,Customer code normalized as 'COMPANY_052',WOCOMPANY_052,False,
Work Orders,SDPLDEAL-081,78,no_source_deal_reference,info,deal_reference,deal_reference remains null (no verified deal lookup in raw file),,False,
Work Orders,SDPLDEAL-081,78,customer_code_normalized,info,customer,Customer code normalized as 'COMPANY_046',WOCOMPANY_046,False,
Work Orders,SDPLDEAL-082,79,no_source_deal_reference,info,deal_reference,deal_reference remains null (no verified deal lookup in raw file),,False,
Work Orders,SDPLDEAL-082,79,customer_code_normalized,info,customer,Customer code normalized as 'COMPANY_046',WOCOMPANY_046,False,
Work Orders,SDPLDEAL-083,80,no_source_deal_reference,info,deal_reference,deal_reference remains null (no verified deal lookup in raw file),,False,
Work Orders,SDPLDEAL-083,80,customer_code_normalized,info,customer,Customer code normalized as 'COMPANY_019',WOCOMPANY_019,False,
Work Orders,SDPLDEAL-084,81,no_source_deal_reference,info,deal_reference,deal_reference remains null (no verified deal lookup in raw file),,False,
Work Orders,SDPLDEAL-084,81,customer_code_normalized,info,customer,Customer code normalized as 'COMPANY_041',WOCOMPANY_041,False,
Work Orders,SDPLDEAL-085,82,no_source_deal_reference,info,deal_reference,deal_reference remains null (no verified deal lookup in raw file),,False,
Work Orders,SDPLDEAL-085,82,customer_code_normalized,info,customer,Customer code normalized as 'COMPANY_032',WOCOMPANY_032,False,
Work Orders,SDPLDEAL-086,83,no_source_deal_reference,info,deal_reference,deal_reference remains null (no verified deal lookup in raw file),,False,
Work Orders,SDPLDEAL-086,83,customer_code_normalized,info,customer,Customer code normalized as 'COMPANY_052',WOCOMPANY_052,False,
Work Orders,SDPLDEAL-087,84,no_source_deal_reference,info,deal_reference,deal_reference remains null (no verified deal lookup in raw file),,False,
Work Orders,SDPLDEAL-087,84,customer_code_normalized,info,customer,Customer code normalized as 'COMPANY_052',WOCOMPANY_052,False,
Work Orders,SDPLDEAL-088,85,no_source_deal_reference,info,deal_reference,deal_reference remains null (no verified deal lookup in raw file),,False,
Work Orders,SDPLDEAL-088,85,customer_code_normalized,info,customer,Customer code normalized as 'COMPANY_036',WOCOMPANY_036,False,
Work Orders,SDPLDEAL-089,86,no_source_deal_reference,info,deal_reference,deal_reference remains null (no verified deal lookup in raw file),,False,
Work Orders,SDPLDEAL-089,86,customer_code_normalized,info,customer,Customer code normalized as 'COMPANY_023',WOCOMPANY_023,False,
Work Orders,SDPLDEAL-089,86,unexpected_tax_rate,warning,implied_tax_rate,Cannot calculate implied tax rate with non-positive exclusive amount 0.0,"excl:0.0, incl:0.0",False,Verify tax calculation and contract tax terms
Work Orders,SDPLDEAL-090,87,no_source_deal_reference,info,deal_reference,deal_reference remains null (no verified deal lookup in raw file),,False,
Work Orders,SDPLDEAL-090,87,customer_code_normalized,info,customer,Customer code normalized as 'COMPANY_036',WOCOMPANY_036,False,
Work Orders,SDPLDEAL-091,88,no_source_deal_reference,info,deal_reference,deal_reference remains null (no verified deal lookup in raw file),,False,
Work Orders,SDPLDEAL-091,88,customer_code_normalized,info,customer,Customer code normalized as 'COMPANY_048',WOCOMPANY_048,False,
Work Orders,SDPLDEAL-091,88,unexpected_tax_rate,warning,implied_tax_rate,Cannot calculate implied tax rate with non-positive exclusive amount 0.0,"excl:0.0, incl:0.0",False,Verify tax calculation and contract tax terms
Work Orders,SDPLDEAL-092,89,no_source_deal_reference,info,deal_reference,deal_reference remains null (no verified deal lookup in raw file),,False,
Work Orders,SDPLDEAL-092,89,customer_code_normalized,info,customer,Customer code normalized as 'COMPANY_051',WOCOMPANY_051,False,
Work Orders,SDPLDEAL-093,90,no_source_deal_reference,info,deal_reference,deal_reference remains null (no verified deal lookup in raw file),,False,
Work Orders,SDPLDEAL-093,90,customer_code_normalized,info,customer,Customer code normalized as 'COMPANY_023',WOCOMPANY_023,False,
Work Orders,SDPLDEAL-094,91,no_source_deal_reference,info,deal_reference,deal_reference remains null (no verified deal lookup in raw file),,False,
Work Orders,SDPLDEAL-094,91,customer_code_normalized,info,customer,Customer code normalized as 'COMPANY_035',WOCOMPANY_035,False,
Work Orders,SDPLDEAL-095,92,no_source_deal_reference,info,deal_reference,deal_reference remains null (no verified deal lookup in raw file),,False,
Work Orders,SDPLDEAL-095,92,customer_code_normalized,info,customer,Customer code normalized as 'COMPANY_019',WOCOMPANY_019,False,
Work Orders,SDPLDEAL-096,93,no_source_deal_reference,info,deal_reference,deal_reference remains null (no verified deal lookup in raw file),,False,
Work Orders,SDPLDEAL-096,93,customer_code_normalized,info,customer,Customer code normalized as 'COMPANY_009',WOCOMPANY_009,False,
Work Orders,SDPLDEAL-097,94,no_source_deal_reference,info,deal_reference,deal_reference remains null (no verified deal lookup in raw file),,False,
Work Orders,SDPLDEAL-097,94,customer_code_normalized,info,customer,Customer code normalized as 'COMPANY_051',WOCOMPANY_051,False,
Work Orders,SDPLDEAL-098,95,no_source_deal_reference,info,deal_reference,deal_reference remains null (no verified deal lookup in raw file),,False,
Work Orders,SDPLDEAL-098,95,customer_code_normalized,info,customer,Customer code normalized as 'COMPANY_021',WOCOMPANY_021,False,
Work Orders,SDPLDEAL-099,96,no_source_deal_reference,info,deal_reference,deal_reference remains null (no verified deal lookup in raw file),,False,
Work Orders,SDPLDEAL-099,96,customer_code_normalized,info,customer,Customer code normalized as 'COMPANY_003',WOCOMPANY_003,False,
Work Orders,SDPLDEAL-100,97,no_source_deal_reference,info,deal_reference,deal_reference remains null (no verified deal lookup in raw file),,False,
Work Orders,SDPLDEAL-100,97,customer_code_normalized,info,customer,Customer code normalized as 'COMPANY_021',WOCOMPANY_021,False,
Work Orders,SDPLDEAL-102,98,no_source_deal_reference,info,deal_reference,deal_reference remains null (no verified deal lookup in raw file),,False,
Work Orders,SDPLDEAL-102,98,customer_code_normalized,info,customer,Customer code normalized as 'COMPANY_002',WOCOMPANY_002,False,
Work Orders,SDPLDEAL-103,99,no_source_deal_reference,info,deal_reference,deal_reference remains null (no verified deal lookup in raw file),,False,
Work Orders,SDPLDEAL-103,99,customer_code_normalized,info,customer,Customer code normalized as 'COMPANY_033',WOCOMPANY_033,False,
Work Orders,SDPLDEAL-105,100,no_source_deal_reference,info,deal_reference,deal_reference remains null (no verified deal lookup in raw file),,False,
Work Orders,SDPLDEAL-105,100,customer_code_normalized,info,customer,Customer code normalized as 'COMPANY_019',WOCOMPANY_019,False,
Work Orders,SDPLDEAL-106,101,no_source_deal_reference,info,deal_reference,deal_reference remains null (no verified deal lookup in raw file),,False,
Work Orders,SDPLDEAL-106,101,customer_code_normalized,info,customer,Customer code normalized as 'COMPANY_006',WOCOMPANY_006,False,
Work Orders,SDPLDEAL-108,102,no_source_deal_reference,info,deal_reference,deal_reference remains null (no verified deal lookup in raw file),,False,
Work Orders,SDPLDEAL-108,102,customer_code_normalized,info,customer,Customer code normalized as 'COMPANY_009',WOCOMPANY_009,False,
Work Orders,SDPLDEAL-109,103,no_source_deal_reference,info,deal_reference,deal_reference remains null (no verified deal lookup in raw file),,False,
Work Orders,SDPLDEAL-109,103,customer_code_normalized,info,customer,Customer code normalized as 'COMPANY_048',WOCOMPANY_048,False,
Work Orders,SDPLDEAL-111,104,no_source_deal_reference,info,deal_reference,deal_reference remains null (no verified deal lookup in raw file),,False,
Work Orders,SDPLDEAL-111,104,customer_code_normalized,info,customer,Customer code normalized as 'COMPANY_052',WOCOMPANY_052,False,
Work Orders,SDPLDEAL-112,105,no_source_deal_reference,info,deal_reference,deal_reference remains null (no verified deal lookup in raw file),,False,
Work Orders,SDPLDEAL-112,105,customer_code_normalized,info,customer,Customer code normalized as 'COMPANY_034',WOCOMPANY_034,False,
Work Orders,SDPLDEAL-113,106,no_source_deal_reference,info,deal_reference,deal_reference remains null (no verified deal lookup in raw file),,False,
Work Orders,SDPLDEAL-113,106,customer_code_normalized,info,customer,Customer code normalized as 'COMPANY_009',WOCOMPANY_009,False,
Work Orders,SDPLDEAL-115,107,no_source_deal_reference,info,deal_reference,deal_reference remains null (no verified deal lookup in raw file),,False,
Work Orders,SDPLDEAL-115,107,customer_code_normalized,info,customer,Customer code normalized as 'COMPANY_006',WOCOMPANY_006,False,
Work Orders,SDPLDEAL-116,108,no_source_deal_reference,info,deal_reference,deal_reference remains null (no verified deal lookup in raw file),,False,
Work Orders,SDPLDEAL-116,108,customer_code_normalized,info,customer,Customer code normalized as 'COMPANY_013',WOCOMPANY_013,False,
Work Orders,SDPLDEAL-117,109,no_source_deal_reference,info,deal_reference,deal_reference remains null (no verified deal lookup in raw file),,False,
Work Orders,SDPLDEAL-117,109,customer_code_normalized,info,customer,Customer code normalized as 'COMPANY_012',WOCOMPANY_012,False,
Work Orders,SDPLDEAL-118,110,no_source_deal_reference,info,deal_reference,deal_reference remains null (no verified deal lookup in raw file),,False,
Work Orders,SDPLDEAL-118,110,customer_code_normalized,info,customer,Customer code normalized as 'COMPANY_050',WOCOMPANY_050,False,
Work Orders,SDPLDEAL-119,111,no_source_deal_reference,info,deal_reference,deal_reference remains null (no verified deal lookup in raw file),,False,
Work Orders,SDPLDEAL-119,111,customer_code_normalized,info,customer,Customer code normalized as 'COMPANY_017',WOCOMPANY_017,False,
Work Orders,SDPLDEAL-120,112,no_source_deal_reference,info,deal_reference,deal_reference remains null (no verified deal lookup in raw file),,False,
Work Orders,SDPLDEAL-120,112,customer_code_normalized,info,customer,Customer code normalized as 'COMPANY_031',WOCOMPANY_031,False,
Work Orders,SDPLDEAL-121,113,no_source_deal_reference,info,deal_reference,deal_reference remains null (no verified deal lookup in raw file),,False,
Work Orders,SDPLDEAL-121,113,customer_code_normalized,info,customer,Customer code normalized as 'COMPANY_047',WOCOMPANY_047,False,
Work Orders,SDPLDEAL-122,114,no_source_deal_reference,info,deal_reference,deal_reference remains null (no verified deal lookup in raw file),,False,
Work Orders,SDPLDEAL-122,114,customer_code_normalized,info,customer,Customer code normalized as 'COMPANY_044',WOCOMPANY_044,False,
Work Orders,SDPLDEAL-123,115,no_source_deal_reference,info,deal_reference,deal_reference remains null (no verified deal lookup in raw file),,False,
Work Orders,SDPLDEAL-123,115,customer_code_normalized,info,customer,Customer code normalized as 'COMPANY_002',WOCOMPANY_002,False,
Work Orders,SDPLDEAL-124,116,no_source_deal_reference,info,deal_reference,deal_reference remains null (no verified deal lookup in raw file),,False,
Work Orders,SDPLDEAL-124,116,customer_code_normalized,info,customer,Customer code normalized as 'COMPANY_009',WOCOMPANY_009,False,
Work Orders,SDPLDEAL-125,117,no_source_deal_reference,info,deal_reference,deal_reference remains null (no verified deal lookup in raw file),,False,
Work Orders,SDPLDEAL-125,117,customer_code_normalized,info,customer,Customer code normalized as 'COMPANY_046',WOCOMPANY_046,False,
Work Orders,SDPLDEAL-126,118,no_source_deal_reference,info,deal_reference,deal_reference remains null (no verified deal lookup in raw file),,False,
Work Orders,SDPLDEAL-126,118,customer_code_normalized,info,customer,Customer code normalized as 'COMPANY_026',WOCOMPANY_026,False,
Work Orders,SDPLDEAL-127,119,no_source_deal_reference,info,deal_reference,deal_reference remains null (no verified deal lookup in raw file),,False,
Work Orders,SDPLDEAL-127,119,customer_code_normalized,info,customer,Customer code normalized as 'COMPANY_014',WOCOMPANY_014,False,
Work Orders,SDPLDEAL-128,120,no_source_deal_reference,info,deal_reference,deal_reference remains null (no verified deal lookup in raw file),,False,
Work Orders,SDPLDEAL-128,120,customer_code_normalized,info,customer,Customer code normalized as 'COMPANY_028',WOCOMPANY_028,False,
Work Orders,SDPLDEAL-129,121,no_source_deal_reference,info,deal_reference,deal_reference remains null (no verified deal lookup in raw file),,False,
Work Orders,SDPLDEAL-129,121,customer_code_normalized,info,customer,Customer code normalized as 'COMPANY_020',WOCOMPANY_020,False,
Work Orders,SDPLDEAL-130,122,no_source_deal_reference,info,deal_reference,deal_reference remains null (no verified deal lookup in raw file),,False,
Work Orders,SDPLDEAL-130,122,customer_code_normalized,info,customer,Customer code normalized as 'COMPANY_020',WOCOMPANY_020,False,
Work Orders,SDPLDEAL-131,123,no_source_deal_reference,info,deal_reference,deal_reference remains null (no verified deal lookup in raw file),,False,
Work Orders,SDPLDEAL-131,123,customer_code_normalized,info,customer,Customer code normalized as 'COMPANY_002',WOCOMPANY_002,False,
Work Orders,SDPLDEAL-132,124,no_source_deal_reference,info,deal_reference,deal_reference remains null (no verified deal lookup in raw file),,False,
Work Orders,SDPLDEAL-132,124,customer_code_normalized,info,customer,Customer code normalized as 'COMPANY_002',WOCOMPANY_002,False,
Work Orders,SDPLDEAL-134,125,no_source_deal_reference,info,deal_reference,deal_reference remains null (no verified deal lookup in raw file),,False,
Work Orders,SDPLDEAL-134,125,customer_code_normalized,info,customer,Customer code normalized as 'COMPANY_005',WOCOMPANY_005,False,
Work Orders,SDPLDEAL-133,126,no_source_deal_reference,info,deal_reference,deal_reference remains null (no verified deal lookup in raw file),,False,
Work Orders,SDPLDEAL-133,126,customer_code_normalized,info,customer,Customer code normalized as 'COMPANY_010',WOCOMPANY_010,False,
Work Orders,SDPLDEAL-135,127,no_source_deal_reference,info,deal_reference,deal_reference remains null (no verified deal lookup in raw file),,False,
Work Orders,SDPLDEAL-135,127,customer_code_normalized,info,customer,Customer code normalized as 'COMPANY_051',WOCOMPANY_051,False,
Work Orders,SDPLDEAL-136,128,no_source_deal_reference,info,deal_reference,deal_reference remains null (no verified deal lookup in raw file),,False,
Work Orders,SDPLDEAL-136,128,customer_code_normalized,info,customer,Customer code normalized as 'COMPANY_002',WOCOMPANY_002,False,
Work Orders,SDPLDEAL-137,129,no_source_deal_reference,info,deal_reference,deal_reference remains null (no verified deal lookup in raw file),,False,
Work Orders,SDPLDEAL-137,129,customer_code_normalized,info,customer,Customer code normalized as 'COMPANY_002',WOCOMPANY_002,False,
Work Orders,SDPLDEAL-138,130,no_source_deal_reference,info,deal_reference,deal_reference remains null (no verified deal lookup in raw file),,False,
Work Orders,SDPLDEAL-138,130,customer_code_normalized,info,customer,Customer code normalized as 'COMPANY_051',WOCOMPANY_051,False,
Work Orders,SDPLDEAL-139,131,no_source_deal_reference,info,deal_reference,deal_reference remains null (no verified deal lookup in raw file),,False,
Work Orders,SDPLDEAL-139,131,customer_code_normalized,info,customer,Customer code normalized as 'COMPANY_002',WOCOMPANY_002,False,
Work Orders,SDPLDEAL-140,132,no_source_deal_reference,info,deal_reference,deal_reference remains null (no verified deal lookup in raw file),,False,
Work Orders,SDPLDEAL-140,132,customer_code_normalized,info,customer,Customer code normalized as 'COMPANY_015',WOCOMPANY_015,False,
Work Orders,SDPLDEAL-141,133,no_source_deal_reference,info,deal_reference,deal_reference remains null (no verified deal lookup in raw file),,False,
Work Orders,SDPLDEAL-141,133,customer_code_normalized,info,customer,Customer code normalized as 'COMPANY_002',WOCOMPANY_002,False,
Work Orders,SDPLDEAL-142,134,no_source_deal_reference,info,deal_reference,deal_reference remains null (no verified deal lookup in raw file),,False,
Work Orders,SDPLDEAL-142,134,customer_code_normalized,info,customer,Customer code normalized as 'COMPANY_016',WOCOMPANY_016,False,
Work Orders,SDPLDEAL-143,135,no_source_deal_reference,info,deal_reference,deal_reference remains null (no verified deal lookup in raw file),,False,
Work Orders,SDPLDEAL-143,135,customer_code_normalized,info,customer,Customer code normalized as 'COMPANY_030',WOCOMPANY_030,False,
Work Orders,SDPLDEAL-144,136,no_source_deal_reference,info,deal_reference,deal_reference remains null (no verified deal lookup in raw file),,False,
Work Orders,SDPLDEAL-144,136,customer_code_normalized,info,customer,Customer code normalized as 'COMPANY_014',WOCOMPANY_014,False,
Work Orders,SDPLDEAL-145,137,no_source_deal_reference,info,deal_reference,deal_reference remains null (no verified deal lookup in raw file),,False,
Work Orders,SDPLDEAL-145,137,customer_code_normalized,info,customer,Customer code normalized as 'COMPANY_002',WOCOMPANY_002,False,
Work Orders,SDPLDEAL-146,138,no_source_deal_reference,info,deal_reference,deal_reference remains null (no verified deal lookup in raw file),,False,
Work Orders,SDPLDEAL-146,138,customer_code_normalized,info,customer,Customer code normalized as 'COMPANY_002',WOCOMPANY_002,False,
Work Orders,SDPLDEAL-147,139,no_source_deal_reference,info,deal_reference,deal_reference remains null (no verified deal lookup in raw file),,False,
Work Orders,SDPLDEAL-147,139,customer_code_normalized,info,customer,Customer code normalized as 'COMPANY_037',WOCOMPANY_037,False,
Work Orders,SDPLDEAL-149,140,no_source_deal_reference,info,deal_reference,deal_reference remains null (no verified deal lookup in raw file),,False,
Work Orders,SDPLDEAL-149,140,customer_code_normalized,info,customer,Customer code normalized as 'COMPANY_002',WOCOMPANY_002,False,
Work Orders,SDPLDEAL-150,141,no_source_deal_reference,info,deal_reference,deal_reference remains null (no verified deal lookup in raw file),,False,
Work Orders,SDPLDEAL-150,141,customer_code_normalized,info,customer,Customer code normalized as 'COMPANY_029',WOCOMPANY_029,False,
Work Orders,SDPLDEAL-151,142,no_source_deal_reference,info,deal_reference,deal_reference remains null (no verified deal lookup in raw file),,False,
Work Orders,SDPLDEAL-151,142,customer_code_normalized,info,customer,Customer code normalized as 'COMPANY_006',WOCOMPANY_006,False,
Work Orders,SDPLDEAL-152,143,no_source_deal_reference,info,deal_reference,deal_reference remains null (no verified deal lookup in raw file),,False,
Work Orders,SDPLDEAL-152,143,customer_code_normalized,info,customer,Customer code normalized as 'COMPANY_033',WOCOMPANY_033,False,
Work Orders,SDPLDEAL-153,144,no_source_deal_reference,info,deal_reference,deal_reference remains null (no verified deal lookup in raw file),,False,
Work Orders,SDPLDEAL-153,144,customer_code_normalized,info,customer,Customer code normalized as 'COMPANY_007',WOCOMPANY_007,False,
Work Orders,SDPLDEAL-154,145,no_source_deal_reference,info,deal_reference,deal_reference remains null (no verified deal lookup in raw file),,False,
Work Orders,SDPLDEAL-154,145,customer_code_normalized,info,customer,Customer code normalized as 'COMPANY_040',WOCOMPANY_040,False,
Work Orders,SDPLDEAL-155,146,no_source_deal_reference,info,deal_reference,deal_reference remains null (no verified deal lookup in raw file),,False,
Work Orders,SDPLDEAL-155,146,customer_code_normalized,info,customer,Customer code normalized as 'COMPANY_040',WOCOMPANY_040,False,
Work Orders,SDPLDEAL-156,147,no_source_deal_reference,info,deal_reference,deal_reference remains null (no verified deal lookup in raw file),,False,
Work Orders,SDPLDEAL-156,147,customer_code_normalized,info,customer,Customer code normalized as 'COMPANY_027',WOCOMPANY_027,False,
Work Orders,SDPLDEAL-156,147,unexpected_tax_rate,warning,implied_tax_rate,Cannot calculate implied tax rate with non-positive exclusive amount 0.0,"excl:0.0, incl:0.0",False,Verify tax calculation and contract tax terms
Work Orders,SDPLDEAL-157,148,no_source_deal_reference,info,deal_reference,deal_reference remains null (no verified deal lookup in raw file),,False,
Work Orders,SDPLDEAL-157,148,customer_code_normalized,info,customer,Customer code normalized as 'COMPANY_009',WOCOMPANY_009,False,
Work Orders,SDPLDEAL-158,149,no_source_deal_reference,info,deal_reference,deal_reference remains null (no verified deal lookup in raw file),,False,
Work Orders,SDPLDEAL-158,149,customer_code_normalized,info,customer,Customer code normalized as 'COMPANY_009',WOCOMPANY_009,False,
Work Orders,SDPLDEAL-159,150,no_source_deal_reference,info,deal_reference,deal_reference remains null (no verified deal lookup in raw file),,False,
Work Orders,SDPLDEAL-159,150,customer_code_normalized,info,customer,Customer code normalized as 'COMPANY_046',WOCOMPANY_046,False,
Work Orders,SDPLDEAL-160,151,no_source_deal_reference,info,deal_reference,deal_reference remains null (no verified deal lookup in raw file),,False,
Work Orders,SDPLDEAL-160,151,customer_code_normalized,info,customer,Customer code normalized as 'COMPANY_046',WOCOMPANY_046,False,
Work Orders,SDPLDEAL-161,152,no_source_deal_reference,info,deal_reference,deal_reference remains null (no verified deal lookup in raw file),,False,
Work Orders,SDPLDEAL-161,152,customer_code_normalized,info,customer,Customer code normalized as 'COMPANY_002',WOCOMPANY_002,False,
Work Orders,SDPLDEAL-162,153,no_source_deal_reference,info,deal_reference,deal_reference remains null (no verified deal lookup in raw file),,False,
Work Orders,SDPLDEAL-162,153,customer_code_normalized,info,customer,Customer code normalized as 'COMPANY_025',WOCOMPANY_025,False,
Work Orders,SDPLDEAL-163,154,no_source_deal_reference,info,deal_reference,deal_reference remains null (no verified deal lookup in raw file),,False,
Work Orders,SDPLDEAL-163,154,customer_code_normalized,info,customer,Customer code normalized as 'COMPANY_002',WOCOMPANY_002,False,
Work Orders,SDPLDEAL-164,155,no_source_deal_reference,info,deal_reference,deal_reference remains null (no verified deal lookup in raw file),,False,
Work Orders,SDPLDEAL-164,155,customer_code_normalized,info,customer,Customer code normalized as 'COMPANY_009',WOCOMPANY_009,False,
Work Orders,SDPLDEAL-165,156,no_source_deal_reference,info,deal_reference,deal_reference remains null (no verified deal lookup in raw file),,False,
Work Orders,SDPLDEAL-165,156,customer_code_normalized,info,customer,Customer code normalized as 'COMPANY_009',WOCOMPANY_009,False,
Work Orders,SDPLDEAL-166,157,no_source_deal_reference,info,deal_reference,deal_reference remains null (no verified deal lookup in raw file),,False,
Work Orders,SDPLDEAL-166,157,customer_code_normalized,info,customer,Customer code normalized as 'COMPANY_009',WOCOMPANY_009,False,
Work Orders,SDPLDEAL-167,158,no_source_deal_reference,info,deal_reference,deal_reference remains null (no verified deal lookup in raw file),,False,
Work Orders,SDPLDEAL-167,158,customer_code_normalized,info,customer,Customer code normalized as 'COMPANY_023',WOCOMPANY_023,False,
Work Orders,SDPLDEAL-168,159,no_source_deal_reference,info,deal_reference,deal_reference remains null (no verified deal lookup in raw file),,False,
Work Orders,SDPLDEAL-168,159,customer_code_normalized,info,customer,Customer code normalized as 'COMPANY_029',WOCOMPANY_029,False,
Work Orders,SDPLDEAL-169,160,no_source_deal_reference,info,deal_reference,deal_reference remains null (no verified deal lookup in raw file),,False,
Work Orders,SDPLDEAL-169,160,customer_code_normalized,info,customer,Customer code normalized as 'COMPANY_002',WOCOMPANY_002,False,
Work Orders,SDPLDEAL-170,161,no_source_deal_reference,info,deal_reference,deal_reference remains null (no verified deal lookup in raw file),,False,
Work Orders,SDPLDEAL-170,161,customer_code_normalized,info,customer,Customer code normalized as 'COMPANY_017',WOCOMPANY_017,False,
Work Orders,SDPLDEAL-171,162,no_source_deal_reference,info,deal_reference,deal_reference remains null (no verified deal lookup in raw file),,False,
Work Orders,SDPLDEAL-171,162,customer_code_normalized,info,customer,Customer code normalized as 'COMPANY_021',WOCOMPANY_021,False,
Work Orders,SDPLDEAL-172,163,no_source_deal_reference,info,deal_reference,deal_reference remains null (no verified deal lookup in raw file),,False,
Work Orders,SDPLDEAL-172,163,customer_code_normalized,info,customer,Customer code normalized as 'COMPANY_051',WOCOMPANY_051,False,
Work Orders,SDPLDEAL-173,164,no_source_deal_reference,info,deal_reference,deal_reference remains null (no verified deal lookup in raw file),,False,
Work Orders,SDPLDEAL-173,164,customer_code_normalized,info,customer,Customer code normalized as 'COMPANY_051',WOCOMPANY_051,False,
Work Orders,SDPLDEAL-174,165,no_source_deal_reference,info,deal_reference,deal_reference remains null (no verified deal lookup in raw file),,False,
Work Orders,SDPLDEAL-174,165,customer_code_normalized,info,customer,Customer code normalized as 'COMPANY_002',WOCOMPANY_002,False,
Work Orders,SDPLDEAL-175,166,no_source_deal_reference,info,deal_reference,deal_reference remains null (no verified deal lookup in raw file),,False,
Work Orders,SDPLDEAL-175,166,customer_code_normalized,info,customer,Customer code normalized as 'COMPANY_033',WOCOMPANY_033,False,
Work Orders,SDPLDEAL-176,167,no_source_deal_reference,info,deal_reference,deal_reference remains null (no verified deal lookup in raw file),,False,
Work Orders,SDPLDEAL-176,167,customer_code_normalized,info,customer,Customer code normalized as 'COMPANY_033',WOCOMPANY_033,False,
Work Orders,SDPLDEAL-177,168,no_source_deal_reference,info,deal_reference,deal_reference remains null (no verified deal lookup in raw file),,False,
Work Orders,SDPLDEAL-177,168,customer_code_normalized,info,customer,Customer code normalized as 'COMPANY_009',WOCOMPANY_009,False,
Work Orders,SDPLDEAL-178,169,no_source_deal_reference,info,deal_reference,deal_reference remains null (no verified deal lookup in raw file),,False,
Work Orders,SDPLDEAL-178,169,customer_code_normalized,info,customer,Customer code normalized as 'COMPANY_004',WOCOMPANY_004,False,
Work Orders,SDPLDEAL-178,169,unexpected_tax_rate,warning,implied_tax_rate,Cannot calculate implied tax rate with non-positive exclusive amount 0.0,"excl:0.0, incl:0.0",False,Verify tax calculation and contract tax terms
Work Orders,SDPLDEAL-179,170,no_source_deal_reference,info,deal_reference,deal_reference remains null (no verified deal lookup in raw file),,False,
Work Orders,SDPLDEAL-179,170,customer_code_normalized,info,customer,Customer code normalized as 'COMPANY_049',WOCOMPANY_049,False,
Work Orders,SDPLDEAL-180,171,no_source_deal_reference,info,deal_reference,deal_reference remains null (no verified deal lookup in raw file),,False,
Work Orders,SDPLDEAL-180,171,customer_code_normalized,info,customer,Customer code normalized as 'COMPANY_033',WOCOMPANY_033,False,
Work Orders,SDPLDEAL-181,172,no_source_deal_reference,info,deal_reference,deal_reference remains null (no verified deal lookup in raw file),,False,
Work Orders,SDPLDEAL-181,172,customer_code_normalized,info,customer,Customer code normalized as 'COMPANY_024',WOCOMPANY_024,False,
Work Orders,SDPLDEAL-182,173,no_source_deal_reference,info,deal_reference,deal_reference remains null (no verified deal lookup in raw file),,False,
Work Orders,SDPLDEAL-182,173,customer_code_normalized,info,customer,Customer code normalized as 'COMPANY_028',WOCOMPANY_028,False,
Work Orders,SDPLDEAL-185,174,no_source_deal_reference,info,deal_reference,deal_reference remains null (no verified deal lookup in raw file),,False,
Work Orders,SDPLDEAL-185,174,customer_code_normalized,info,customer,Customer code normalized as 'COMPANY_050',WOCOMPANY_050,False,
Work Orders,SDPLDEAL-186,175,no_source_deal_reference,info,deal_reference,deal_reference remains null (no verified deal lookup in raw file),,False,
Work Orders,SDPLDEAL-186,175,customer_code_normalized,info,customer,Customer code normalized as 'COMPANY_046',WOCOMPANY_046,False,
Work Orders,SDPLDEAL-187,176,no_source_deal_reference,info,deal_reference,deal_reference remains null (no verified deal lookup in raw file),,False,
Work Orders,SDPLDEAL-187,176,customer_code_normalized,info,customer,Customer code normalized as 'COMPANY_033',WOCOMPANY_033,False,
Work Orders,SDPLDEAL-188,177,no_source_deal_reference,info,deal_reference,deal_reference remains null (no verified deal lookup in raw file),,False,
Work Orders,SDPLDEAL-188,177,customer_code_normalized,info,customer,Customer code normalized as 'COMPANY_033',WOCOMPANY_033,False,
Work Orders,SDPLDEAL-189,178,no_source_deal_reference,info,deal_reference,deal_reference remains null (no verified deal lookup in raw file),,False,
Work Orders,SDPLDEAL-189,178,customer_code_normalized,info,customer,Customer code normalized as 'COMPANY_045',WOCOMPANY_045,False,
