Import Deal ID,Deal Name,Customer Code,Sector,Deal Stage,Deal Status,Deal Value,Win Probability,Tentative Close Date,Tentative Close Period,Actual Close Date,Deal Owner,Created Date,Product or Service,Data Quality Severity,Data Quality Issues,Source Row Number
IMPORT-DEAL-F076154C184E,Naruto,COMPANY_089,Mining,Sales Qualified Lead,Open,489360.0,0.8,2026-02-26,,,OWNER_001,2025-12-26,Service + Spectra,info,[customer_code_normalized] Customer code normalized as 'COMPANY_089' | [synthetic_deal_id] Assigned surrogate import key IMPORT-DEAL-F076154C184E due to missing source primary key,2
IMPORT-DEAL-0BBE9EE2868D,Sasuke,COMPANY_091,Mining,Sales Qualified Lead,Open,17616960.0,,2026-02-28,,,OWNER_001,2025-09-15,,info,[customer_code_normalized] Customer code normalized as 'COMPANY_091' | [synthetic_deal_id] Assigned surrogate import key IMPORT-DEAL-0BBE9EE2868D due to missing source primary key | [missing_probability] Closure probability is missing (not imputed),3
IMPORT-DEAL-DE84DF555F3B,Sasuke,COMPANY_124,Powerline,Proposal Sent,Open,611700.0,0.5,2026-02-26,,,OWNER_002,2025-11-12,,info,[customer_code_normalized] Customer code normalized as 'COMPANY_124' | [synthetic_deal_id] Assigned surrogate import key IMPORT-DEAL-DE84DF555F3B due to missing source primary key,4
IMPORT-DEAL-D1B65447B798,Sakura,COMPANY_046,Powerline,Proposal Sent,Open,2348928.0,0.2,2026-03-20,,,OWNER_002,2025-10-14,,info,[customer_code_normalized] Customer code normalized as 'COMPANY_046' | [synthetic_deal_id] Assigned surrogate import key IMPORT-DEAL-D1B65447B798 due to missing source primary key,5
IMPORT-DEAL-612709DCFBC9,Sakura,COMPANY_148,Powerline,Proposal Sent,Open,428190.0,0.8,2026-02-26,,,OWNER_002,2025-10-10,,info,[customer_code_normalized] Customer code normalized as 'COMPANY_148' | [synthetic_deal_id] Assigned surrogate import key IMPORT-DEAL-612709DCFBC9 due to missing source primary key,6
IMPORT-DEAL-A692612ECC84,Sakura,COMPANY_047,Powerline,Proposal Sent,Open,2936160.0,0.5,2026-02-12,,,OWNER_002,2025-07-07,,info,[customer_code_normalized] Customer code normalized as 'COMPANY_047' | [synthetic_deal_id] Assigned surrogate import key IMPORT-DEAL-A692612ECC84 due to missing source primary key,7
IMPORT-DEAL-7A0B0414EA0C,Sakura,COMPANY_197,Tenders,Feasibility,Open,305850000.0,0.2,2024-09-30,,,OWNER_003,2024-08-30,Pure Service,info,[customer_code_normalized] Customer code normalized as 'COMPANY_197' | [synthetic_deal_id] Assigned surrogate import key IMPORT-DEAL-7A0B0414EA0C due to missing source primary key,8
IMPORT-DEAL-2B7A2BE7F4BC,Sakura,COMPANY_177,Powerline,Project On Hold,On Hold,,0.5,2025-06-11,,,OWNER_001,2024-11-17,,info,[customer_code_normalized] Customer code normalized as 'COMPANY_177' | [synthetic_deal_id] Assigned surrogate import key IMPORT-DEAL-2B7A2BE7F4BC due to missing source primary key | [missing_deal_value] Deal value is missing,9
IMPORT-DEAL-74ECDB95920B,Sakura,COMPANY_094,Renewables,Project On Hold,Open,,0.5,2025-06-12,,,OWNER_001,2024-11-17,,info,[customer_code_normalized] Customer code normalized as 'COMPANY_094' | [synthetic_deal_id] Assigned surrogate import key IMPORT-DEAL-74ECDB95920B due to missing source primary key | [missing_deal_value] Deal value is missing,10
IMPORT-DEAL-E04B6D9A9F63,Sakura,COMPANY_178,Renewables,Project On Hold,On Hold,,0.5,2025-06-23,,,OWNER_001,2024-08-09,,info,[customer_code_normalized] Customer code normalized as 'COMPANY_178' | [synthetic_deal_id] Assigned surrogate import key IMPORT-DEAL-E04B6D9A9F63 due to missing source primary key | [missing_deal_value] Deal value is missing,11
IMPORT-DEAL-E8A9B654ED92,Sakura,COMPANY_149,Software & DSP,Work Order Received,Open,4281900.0,0.8,2026-01-31,,,OWNER_004,2025-11-19,Spectra + DMO,info,[customer_code_normalized] Customer code normalized as 'COMPANY_149' | [synthetic_deal_id] Assigned surrogate import key IMPORT-DEAL-E8A9B654ED92 due to missing source primary key,12
IMPORT-DEAL-3BEEE81B34E5,Sakura,COMPANY_149,Software & DSP,Negotiations,Open,6117000.0,0.2,2026-03-25,,,OWNER_004,2025-11-19,Hardware,info,[customer_code_normalized] Customer code normalized as 'COMPANY_149' | [synthetic_deal_id] Assigned surrogate import key IMPORT-DEAL-3BEEE81B34E5 due to missing source primary key,13
IMPORT-DEAL-E050BD82A9FE,Sakura,COMPANY_171,Renewables,Proposal Sent,Open,1835100.0,0.2,2026-02-20,,,OWNER_002,2025-05-21,,info,[customer_code_normalized] Customer code normalized as 'COMPANY_171' | [synthetic_deal_id] Assigned surrogate import key IMPORT-DEAL-E050BD82A9FE due to missing source primary key,14
IMPORT-DEAL-477749779B06,Sakura,COMPANY_111,Railways,Proposal Sent,Open,7832265.523200001,0.5,2026-01-31,,,OWNER_003,2025-09-15,Pure Service,info,[customer_code_normalized] Customer code normalized as 'COMPANY_111' | [synthetic_deal_id] Assigned surrogate import key IMPORT-DEAL-477749779B06 due to missing source primary key,15
IMPORT-DEAL-B921FE8E954A,Sakura,COMPANY_111,Railways,Proposal Sent,Open,7832265.523200001,0.5,2026-02-28,,,OWNER_003,2026-01-08,Pure Service,info,[customer_code_normalized] Customer code normalized as 'COMPANY_111' | [synthetic_deal_id] Assigned surrogate import key IMPORT-DEAL-B921FE8E954A due to missing source primary key,16
IMPORT-DEAL-B769FD8076CE,Sakura,COMPANY_111,Railways,Proposal Sent,Open,7832265.523200001,0.5,2026-03-31,,,OWNER_003,2026-01-08,Pure Service,info,[customer_code_normalized] Customer code normalized as 'COMPANY_111' | [synthetic_deal_id] Assigned surrogate import key IMPORT-DEAL-B769FD8076CE due to missing source primary key,17
IMPORT-DEAL-FC90B08094E1,Sakura,COMPANY_149,Software & DSP,Proposal Sent,Open,12234000.0,0.8,2026-02-14,,,OWNER_004,,Dock + DMO + Spectra + Service,info,[customer_code_normalized] Customer code normalized as 'COMPANY_149' | [synthetic_deal_id] Assigned surrogate import key IMPORT-DEAL-FC90B08094E1 due to missing source primary key,18
IMPORT-DEAL-12F4268F2B72,Sakura,COMPANY_129,Mining,Negotiations,Open,1835100.0,0.8,2026-01-08,,,OWNER_004,2025-11-14,Service + Spectra,info,[customer_code_normalized] Customer code normalized as 'COMPANY_129' | [synthetic_deal_id] Assigned surrogate import key IMPORT-DEAL-12F4268F2B72 due to missing source primary key,19
IMPORT-DEAL-7ECCA9239446,Sakura,COMPANY_129,Mining,Proposal Sent,Open,1101060.0,0.5,2026-01-15,,,OWNER_004,2025-11-14,Dock + Spectra + Service,info,[customer_code_normalized] Customer code normalized as 'COMPANY_129' | [synthetic_deal_id] Assigned surrogate import key IMPORT-DEAL-7ECCA9239446 due to missing source primary key,20
IMPORT-DEAL-ECA5E5714238,Sakura,COMPANY_107,Software & DSP,Proposal Sent,Open,3670200.0,0.5,2026-01-15,,,OWNER_004,2025-11-14,Dock + DMO + Spectra + Service,info,[customer_code_normalized] Customer code normalized as 'COMPANY_107' | [synthetic_deal_id] Assigned surrogate import key IMPORT-DEAL-ECA5E5714238 due to missing source primary key,21
IMPORT-DEAL-465A5EA99306,Sakura,COMPANY_103,Software & DSP,Proposal Sent,Open,5505300.0,0.2,2026-02-13,,,OWNER_004,2025-11-14,Dock + DMO + Spectra + Service,info,[customer_code_normalized] Customer code normalized as 'COMPANY_103' | [synthetic_deal_id] Assigned surrogate import key IMPORT-DEAL-465A5EA99306 due to missing source primary key,22
IMPORT-DEAL-B19C9ABDE56C,Sakura,COMPANY_077,Software & DSP,Demo Done,Open,367020.0,0.2,2025-12-15,,,OWNER_004,2025-11-14,Pure Service,info,[customer_code_normalized] Customer code normalized as 'COMPANY_077' | [synthetic_deal_id] Assigned surrogate import key IMPORT-DEAL-B19C9ABDE56C due to missing source primary key,23
IMPORT-DEAL-891C083BC89F,Sakura,COMPANY_026,Construction,Proposal Sent,Open,122340.0,0.8,2026-03-10,,,OWNER_004,2025-11-14,Dock + DMO + Spectra,info,[customer_code_normalized] Customer code normalized as 'COMPANY_026' | [synthetic_deal_id] Assigned surrogate import key IMPORT-DEAL-891C083BC89F due to missing source primary key,24
IMPORT-DEAL-0A5D45D96A92,Sakura,COMPANY_193,Mining,Negotiations,Open,122340.0,0.8,2026-01-31,,,OWNER_004,2025-11-14,Service + Spectra,info,[customer_code_normalized] Customer code normalized as 'COMPANY_193' | [synthetic_deal_id] Assigned surrogate import key IMPORT-DEAL-0A5D45D96A92 due to missing source primary key,25
IMPORT-DEAL-510BD51EEFEE,Sakura,COMPANY_111,Railways,Sales Qualified Lead,Open,5235907.32,0.5,2026-01-15,,,OWNER_003,2025-11-17,Pure Service,info,[customer_code_normalized] Customer code normalized as 'COMPANY_111' | [synthetic_deal_id] Assigned surrogate import key IMPORT-DEAL-510BD51EEFEE due to missing source primary key,26
IMPORT-DEAL-56510CDF645E,Sakura,COMPANY_169,Renewables,Feasibility,Open,14680800.0,0.8,2026-01-31,,,OWNER_001,2025-11-17,Service + Spectra,info,[customer_code_normalized] Customer code normalized as 'COMPANY_169' | [synthetic_deal_id] Assigned surrogate import key IMPORT-DEAL-56510CDF645E due to missing source primary key,27
IMPORT-DEAL-070D5DE06006,Sakura,COMPANY_183,Mining,Negotiations,Open,89308.2,0.8,2025-11-19,,,OWNER_001,2025-11-17,Pure Service,info,[customer_code_normalized] Customer code normalized as 'COMPANY_183' | [synthetic_deal_id] Assigned surrogate import key IMPORT-DEAL-070D5DE06006 due to missing source primary key,28
IMPORT-DEAL-D68409D65BCD,Sakura,COMPANY_009,Renewables,Proposal Sent,Open,2446800.0,0.2,2026-02-15,,,OWNER_003,2025-11-18,Pure Service,info,[customer_code_normalized] Customer code normalized as 'COMPANY_009' | [synthetic_deal_id] Assigned surrogate import key IMPORT-DEAL-D68409D65BCD due to missing source primary key,29
IMPORT-DEAL-9A6090C95E1D,Sakura,COMPANY_052,Railways,Sales Qualified Lead,Open,1223400.0,0.5,2026-02-28,,,OWNER_003,2025-11-18,Pure Service,info,[customer_code_normalized] Customer code normalized as 'COMPANY_052' | [synthetic_deal_id] Assigned surrogate import key IMPORT-DEAL-9A6090C95E1D due to missing source primary key,30
IMPORT-DEAL-F1515FCC887E,Sakura,COMPANY_108,Railways,Sales Qualified Lead,Open,1223400.0,0.5,2026-02-28,,,OWNER_003,2025-11-18,Pure Service,info,[customer_code_normalized] Customer code normalized as 'COMPANY_108' | [synthetic_deal_id] Assigned surrogate import key IMPORT-DEAL-F1515FCC887E due to missing source primary key,31
IMPORT-DEAL-50DB8B32AC74,Kakashi,COMPANY_021,Railways,Sales Qualified Lead,Open,1223400.0,0.2,2026-02-28,,,OWNER_003,2025-11-18,Pure Service,info,[customer_code_normalized] Customer code normalized as 'COMPANY_021' | [synthetic_deal_id] Assigned surrogate import key IMPORT-DEAL-50DB8B32AC74 due to missing source primary key,32
IMPORT-DEAL-E719E013F6C1,Goku,COMPANY_067,Railways,Proposal Sent,Open,2018605.1064000002,0.5,2026-01-31,,,OWNER_003,2025-11-18,Pure Service,info,[customer_code_normalized] Customer code normalized as 'COMPANY_067' | [synthetic_deal_id] Assigned surrogate import key IMPORT-DEAL-E719E013F6C1 due to missing source primary key,33
IMPORT-DEAL-E3F747CCFAD1,Goku,COMPANY_043,Mining,Sales Qualified Lead,Open,1223400.0,0.2,2026-02-28,,,OWNER_003,2025-11-18,Pure Service,info,[customer_code_normalized] Customer code normalized as 'COMPANY_043' | [synthetic_deal_id] Assigned surrogate import key IMPORT-DEAL-E3F747CCFAD1 due to missing source primary key,34
IMPORT-DEAL-0E77C513608F,Luffy,COMPANY_093,Tenders,Negotiations,Open,122340000.0,0.8,2026-02-28,,,OWNER_003,2025-11-18,Service + Spectra,info,[customer_code_normalized] Customer code normalized as 'COMPANY_093' | [synthetic_deal_id] Assigned surrogate import key IMPORT-DEAL-0E77C513608F due to missing source primary key,35
IMPORT-DEAL-B73D7A759510,Zoro,COMPANY_067,Railways,Sales Qualified Lead,Open,3058500.0,0.5,2026-01-15,,,OWNER_003,2025-11-18,Pure Service,info,[customer_code_normalized] Customer code normalized as 'COMPANY_067' | [synthetic_deal_id] Assigned surrogate import key IMPORT-DEAL-B73D7A759510 due to missing source primary key,36
IMPORT-DEAL-A77A0B53E26C,Nami,COMPANY_110,Tenders,Proposal Sent,Open,91755000.0,0.2,2026-01-15,,,OWNER_004,2025-11-19,Service + Spectra,info,[customer_code_normalized] Customer code normalized as 'COMPANY_110' | [synthetic_deal_id] Assigned surrogate import key IMPORT-DEAL-A77A0B53E26C due to missing source primary key,37
IMPORT-DEAL-C9C5F1B8CC74,Sanji,COMPANY_048,Surveillance,Negotiations,Open,7340400.0,0.5,2026-02-15,,,OWNER_003,2025-11-19,Dock + DMO,info,[customer_code_normalized] Customer code normalized as 'COMPANY_048' | [synthetic_deal_id] Assigned surrogate import key IMPORT-DEAL-C9C5F1B8CC74 due to missing source primary key,38
IMPORT-DEAL-AF5AD7F3C16D,Sanji,COMPANY_124,Tenders,Proposal Sent,Open,12019562.448,0.5,2026-01-30,,,OWNER_002,2025-11-20,,info,[customer_code_normalized] Customer code normalized as 'COMPANY_124' | [synthetic_deal_id] Assigned surrogate import key IMPORT-DEAL-AF5AD7F3C16D due to missing source primary key,39
IMPORT-DEAL-20338B8FD65A,Rukia,COMPANY_087,Renewables,Demo Done,Open,3058500.0,0.8,2026-04-01,,,OWNER_001,2025-11-26,Service + Spectra,info,[customer_code_normalized] Customer code normalized as 'COMPANY_087' | [synthetic_deal_id] Assigned surrogate import key IMPORT-DEAL-20338B8FD65A due to missing source primary key,40
IMPORT-DEAL-E3A042907F13,Rukia,COMPANY_095,Renewables,Demo Done,Open,1835100.0,0.8,2026-02-10,,,OWNER_001,2025-11-26,Service + Spectra,info,[customer_code_normalized] Customer code normalized as 'COMPANY_095' | [synthetic_deal_id] Assigned surrogate import key IMPORT-DEAL-E3A042907F13 due to missing source primary key,41
IMPORT-DEAL-2D91903C29D8,Light Yagami,COMPANY_007,Mining,Proposal Sent,Open,6117000.0,0.5,2026-03-31,,,OWNER_003,2025-12-01,Spectra Deal,info,[customer_code_normalized] Customer code normalized as 'COMPANY_007' | [synthetic_deal_id] Assigned surrogate import key IMPORT-DEAL-2D91903C29D8 due to missing source primary key,42
IMPORT-DEAL-773C23C2D5FD,Light Yagami,COMPANY_067,Railways,Negotiations,Open,7340400.0,0.5,2026-02-28,,,OWNER_003,2025-12-08,Pure Service,info,[customer_code_normalized] Customer code normalized as 'COMPANY_067' | [synthetic_deal_id] Assigned surrogate import key IMPORT-DEAL-773C23C2D5FD due to missing source primary key,43
IMPORT-DEAL-AC8464462E35,Eren Yeager,COMPANY_068,Railways,Negotiations,Open,5872320.0,0.5,2026-01-31,,,OWNER_003,2025-12-08,Pure Service,info,[customer_code_normalized] Customer code normalized as 'COMPANY_068' | [synthetic_deal_id] Assigned surrogate import key IMPORT-DEAL-AC8464462E35 due to missing source primary key,44
IMPORT-DEAL-0744F553DA82,Mikasa,COMPANY_050,Renewables,Negotiations,Open,611696.3298000001,0.2,2025-12-15,,,OWNER_001,2025-12-08,Pure Service,info,[customer_code_normalized] Customer code normalized as 'COMPANY_050' | [synthetic_deal_id] Assigned surrogate import key IMPORT-DEAL-0744F553DA82 due to missing source primary key,45
IMPORT-DEAL-4ABC1FFA02C2,Levi,COMPANY_051,Railways,Negotiations,Open,841699.2000000001,0.8,2026-01-15,,,OWNER_003,2025-12-08,Pure Service,info,[customer_code_normalized] Customer code normalized as 'COMPANY_051' | [synthetic_deal_id] Assigned surrogate import key IMPORT-DEAL-4ABC1FFA02C2 due to missing source primary key,46
IMPORT-DEAL-7B324DDA7234,Tanjiro,COMPANY_161,Railways,Negotiations,Open,489360.0,0.8,2026-01-31,,,OWNER_003,2026-01-08,Pure Service,info,[customer_code_normalized] Customer code normalized as 'COMPANY_161' | [synthetic_deal_id] Assigned surrogate import key IMPORT-DEAL-7B324DDA7234 due to missing source primary key,47
IMPORT-DEAL-A85894F8FAC1,Tanjiro,COMPANY_186,Mining,Proposal Sent,Open,489360.0,0.8,2026-01-31,,,OWNER_003,2026-01-08,Pure Service,info,[customer_code_normalized] Customer code normalized as 'COMPANY_186' | [synthetic_deal_id] Assigned surrogate import key IMPORT-DEAL-A85894F8FAC1 due to missing source primary key,48
IMPORT-DEAL-9A465D23F196,Tanjiro,COMPANY_038,,Lead Generated,Open,,,,,,OWNER_001,2026-01-08,,info,[customer_code_normalized] Customer code normalized as 'COMPANY_038' | [synthetic_deal_id] Assigned surrogate import key IMPORT-DEAL-9A465D23F196 due to missing source primary key | [missing_deal_value] Deal value is missing | [missing_probability] Closure probability is missing (not imputed) | [missing_exact_close_date] Tentative close date is missing,49
IMPORT-DEAL-442154D0F312,Tanjiro,COMPANY_039,,Lead Generated,Open,2079780.0,0.8,2026-01-13,,,OWNER_001,2026-01-08,,info,[customer_code_normalized] Customer code normalized as 'COMPANY_039' | [synthetic_deal_id] Assigned surrogate import key IMPORT-DEAL-442154D0F312 due to missing source primary key,50
IMPORT-DEAL-DAFA99E47EDF,Tanjiro,COMPANY_136,,Lead Generated,Open,1468080.0,0.8,2026-01-31,,,OWNER_001,2026-01-08,,info,[customer_code_normalized] Customer code normalized as 'COMPANY_136' | [synthetic_deal_id] Assigned surrogate import key IMPORT-DEAL-DAFA99E47EDF due to missing source primary key,51
IMPORT-DEAL-28A9AF47EC38,Zenitsu,COMPANY_190,Others,Not Relevant Currently,Dead,,,2024-10-31,,,OWNER_003,2024-09-12,Pure Service,info,[customer_code_normalized] Customer code normalized as 'COMPANY_190' | [synthetic_deal_id] Assigned surrogate import key IMPORT-DEAL-28A9AF47EC38 due to missing source primary key | [missing_deal_value] Deal value is missing | [missing_probability] Closure probability is missing (not imputed),53
IMPORT-DEAL-38A181EA5FB9,Inosuke,COMPANY_186,Others,Not Relevant Currently,Dead,,,2024-10-31,,,OWNER_003,2024-09-12,Pure Service,info,[customer_code_normalized] Customer code normalized as 'COMPANY_186' | [synthetic_deal_id] Assigned surrogate import key IMPORT-DEAL-38A181EA5FB9 due to missing source primary key | [missing_deal_value] Deal value is missing | [missing_probability] Closure probability is missing (not imputed),54
IMPORT-DEAL-80B80CB32D11,Gojo,COMPANY_101,Railways,Proposal Sent,Dead,13457400.0,,2025-06-30,,,OWNER_005,2025-06-01,,info,[customer_code_normalized] Customer code normalized as 'COMPANY_101' | [synthetic_deal_id] Assigned surrogate import key IMPORT-DEAL-80B80CB32D11 due to missing source primary key | [missing_probability] Closure probability is missing (not imputed),55
IMPORT-DEAL-CBE0DF2278AF,Yuji Itadori,COMPANY_172,Mining,Project Lost,Dead,,,2025-06-19,,,,2024-08-09,,info,[customer_code_normalized] Customer code normalized as 'COMPANY_172' | [synthetic_deal_id] Assigned surrogate import key IMPORT-DEAL-CBE0DF2278AF due to missing source primary key | [missing_deal_value] Deal value is missing | [missing_probability] Closure probability is missing (not imputed),56
IMPORT-DEAL-8E12F5831F23,Yuji Itadori,COMPANY_172,Mining,Project Lost,Dead,,,2025-06-19,,,,2024-08-16,,info,[customer_code_normalized] Customer code normalized as 'COMPANY_172' | [synthetic_deal_id] Assigned surrogate import key IMPORT-DEAL-8E12F5831F23 due to missing source primary key | [missing_deal_value] Deal value is missing | [missing_probability] Closure probability is missing (not imputed),57
IMPORT-DEAL-395EAAA00BFA,Yuji Itadori,COMPANY_118,Construction,Project Lost,Dead,,,2025-05-31,,,OWNER_006,2025-04-25,,info,[customer_code_normalized] Customer code normalized as 'COMPANY_118' | [synthetic_deal_id] Assigned surrogate import key IMPORT-DEAL-395EAAA00BFA due to missing source primary key | [missing_deal_value] Deal value is missing | [missing_probability] Closure probability is missing (not imputed),58
IMPORT-DEAL-F2122BA8DC97,Yuji Itadori,COMPANY_148,Powerline,Not Relevant,Dead,34866900.0,,2025-05-31,,,OWNER_002,2025-04-25,,info,[customer_code_normalized] Customer code normalized as 'COMPANY_148' | [synthetic_deal_id] Assigned surrogate import key IMPORT-DEAL-F2122BA8DC97 due to missing source primary key | [missing_probability] Closure probability is missing (not imputed),59
IMPORT-DEAL-2E9BF0BC7001,Megumi,COMPANY_070,Powerline,Not Relevant Currently,Dead,97872.0,,2025-05-31,,,OWNER_002,2025-04-25,,info,[customer_code_normalized] Customer code normalized as 'COMPANY_070' | [synthetic_deal_id] Assigned surrogate import key IMPORT-DEAL-2E9BF0BC7001 due to missing source primary key | [missing_probability] Closure probability is missing (not imputed),60
IMPORT-DEAL-EEEEB4C93A15,Nobara,COMPANY_146,Renewables,Project Lost,Dead,,,2025-06-23,,,OWNER_006,2025-04-30,,info,[customer_code_normalized] Customer code normalized as 'COMPANY_146' | [synthetic_deal_id] Assigned surrogate import key IMPORT-DEAL-EEEEB4C93A15 due to missing source primary key | [missing_deal_value] Deal value is missing | [missing_probability] Closure probability is missing (not imputed),61
IMPORT-DEAL-46517047A7D0,Saitama,COMPANY_014,Powerline,Demo Done,Dead,,,2025-05-31,,,OWNER_006,2025-04-30,,info,[customer_code_normalized] Customer code normalized as 'COMPANY_014' | [synthetic_deal_id] Assigned surrogate import key IMPORT-DEAL-46517047A7D0 due to missing source primary key | [missing_deal_value] Deal value is missing | [missing_probability] Closure probability is missing (not imputed),62
IMPORT-DEAL-800762B5BDEA,Genos,COMPANY_168,Powerline,Not Relevant Currently,Dead,53217.9,,2025-06-30,,,OWNER_002,2025-05-05,,info,[customer_code_normalized] Customer code normalized as 'COMPANY_168' | [synthetic_deal_id] Assigned surrogate import key IMPORT-DEAL-800762B5BDEA due to missing source primary key | [missing_probability] Closure probability is missing (not imputed),63
IMPORT-DEAL-993A80D2AD9C,Finn the Human,COMPANY_186,Mining,Invoice Sent,Dead,,,2024-11-25,,,,2024-08-16,,info,[customer_code_normalized] Customer code normalized as 'COMPANY_186' | [synthetic_deal_id] Assigned surrogate import key IMPORT-DEAL-993A80D2AD9C due to missing source primary key | [missing_deal_value] Deal value is missing | [missing_probability] Closure probability is missing (not imputed),64
IMPORT-DEAL-8DF8EA70CDA9,Edward Elric,COMPANY_179,Powerline,Project Lost,Dead,,,2025-06-23,,,OWNER_002,2025-05-05,,info,[customer_code_normalized] Customer code normalized as 'COMPANY_179' | [synthetic_deal_id] Assigned surrogate import key IMPORT-DEAL-8DF8EA70CDA9 due to missing source primary key | [missing_deal_value] Deal value is missing | [missing_probability] Closure probability is missing (not imputed),65
IMPORT-DEAL-7CA8F7C6ED3F,Alphonse,COMPANY_078,Railways,Demo Done,Dead,,,2024-09-30,,,OWNER_007,2024-08-16,,info,[customer_code_normalized] Customer code normalized as 'COMPANY_078' | [synthetic_deal_id] Assigned surrogate import key IMPORT-DEAL-7CA8F7C6ED3F due to missing source primary key | [missing_deal_value] Deal value is missing | [missing_probability] Closure probability is missing (not imputed),66
IMPORT-DEAL-23B659CCC453,Alphonse,COMPANY_058,Renewables,Project Lost,Dead,244680.0,,2025-01-14,,,OWNER_003,2024-08-19,Pure Service,info,[customer_code_normalized] Customer code normalized as 'COMPANY_058' | [synthetic_deal_id] Assigned surrogate import key IMPORT-DEAL-23B659CCC453 due to missing source primary key | [missing_probability] Closure probability is missing (not imputed),67
IMPORT-DEAL-4FC3C25D64F6,Alphonse,COMPANY_143,Renewables,Project Lost,Dead,611700.0,,2025-01-14,,,OWNER_003,2024-08-19,Pure Service,info,[customer_code_normalized] Customer code normalized as 'COMPANY_143' | [synthetic_deal_id] Assigned surrogate import key IMPORT-DEAL-4FC3C25D64F6 due to missing source primary key | [missing_probability] Closure probability is missing (not imputed),68
IMPORT-DEAL-A09D1BCBDEB4,Alphonse,COMPANY_071,Renewables,Project Lost,Dead,489360.0,,2025-01-14,,,OWNER_003,2024-08-19,Pure Service,info,[customer_code_normalized] Customer code normalized as 'COMPANY_071' | [synthetic_deal_id] Assigned surrogate import key IMPORT-DEAL-A09D1BCBDEB4 due to missing source primary key | [missing_probability] Closure probability is missing (not imputed),69
IMPORT-DEAL-446D10571E62,Alphonse,COMPANY_063,Mining,Project On Hold,Dead,256914000.0,,2025-05-13,,,OWNER_003,2024-08-19,Pure Service,info,[customer_code_normalized] Customer code normalized as 'COMPANY_063' | [synthetic_deal_id] Assigned surrogate import key IMPORT-DEAL-446D10571E62 due to missing source primary key | [missing_probability] Closure probability is missing (not imputed),70
IMPORT-DEAL-85C467E15721,Alphonse,COMPANY_045,Others,Project On Hold,Dead,6117000.0,,2025-05-13,,,OWNER_003,2024-08-21,Pure Service,info,[customer_code_normalized] Customer code normalized as 'COMPANY_045' | [synthetic_deal_id] Assigned surrogate import key IMPORT-DEAL-85C467E15721 due to missing source primary key | [missing_probability] Closure probability is missing (not imputed),71
IMPORT-DEAL-6873A140E19E,Alphonse,COMPANY_120,Mining,Project On Hold,Dead,,,2025-05-13,,,OWNER_003,2024-08-19,Pure Service,info,[customer_code_normalized] Customer code normalized as 'COMPANY_120' | [synthetic_deal_id] Assigned surrogate import key IMPORT-DEAL-6873A140E19E due to missing source primary key | [missing_deal_value] Deal value is missing | [missing_probability] Closure probability is missing (not imputed),72
IMPORT-DEAL-37A2FBE6B625,Alphonse,COMPANY_074,Others,Project On Hold,Dead,,,2025-05-13,,,OWNER_003,2024-08-22,Pure Service,info,[customer_code_normalized] Customer code normalized as 'COMPANY_074' | [synthetic_deal_id] Assigned surrogate import key IMPORT-DEAL-37A2FBE6B625 due to missing source primary key | [missing_deal_value] Deal value is missing | [missing_probability] Closure probability is missing (not imputed),73
IMPORT-DEAL-AC676CAE5559,Alphonse,COMPANY_005,Construction,Demo Done,Dead,,,2024-09-30,,,OWNER_006,2024-08-22,,info,[customer_code_normalized] Customer code normalized as 'COMPANY_005' | [synthetic_deal_id] Assigned surrogate import key IMPORT-DEAL-AC676CAE5559 due to missing source primary key | [missing_deal_value] Deal value is missing | [missing_probability] Closure probability is missing (not imputed),74
IMPORT-DEAL-B9C12B3A3B38,Alphonse,COMPANY_115,Renewables,Not Relevant Currently,Dead,,,2024-09-30,,,OWNER_003,2024-08-27,Pure Service,info,[customer_code_normalized] Customer code normalized as 'COMPANY_115' | [synthetic_deal_id] Assigned surrogate import key IMPORT-DEAL-B9C12B3A3B38 due to missing source primary key | [missing_deal_value] Deal value is missing | [missing_probability] Closure probability is missing (not imputed),75
IMPORT-DEAL-0CE66CB6A8B0,Alphonse,COMPANY_080,Others,Not Relevant Currently,Dead,,,2024-09-30,,,OWNER_003,2024-08-30,Pure Service,info,[customer_code_normalized] Customer code normalized as 'COMPANY_080' | [synthetic_deal_id] Assigned surrogate import key IMPORT-DEAL-0CE66CB6A8B0 due to missing source primary key | [missing_deal_value] Deal value is missing | [missing_probability] Closure probability is missing (not imputed),76
IMPORT-DEAL-ABA0B99E781C,Alphonse,COMPANY_057,Renewables,Not Relevant,Dead,807444.0,,2024-11-13,,,OWNER_003,2024-09-12,Pure Service,info,[customer_code_normalized] Customer code normalized as 'COMPANY_057' | [synthetic_deal_id] Assigned surrogate import key IMPORT-DEAL-ABA0B99E781C due to missing source primary key | [missing_probability] Closure probability is missing (not imputed),77
IMPORT-DEAL-869BDF779A30,Alphonse,COMPANY_148,Renewables,Not Relevant Currently,Dead,,,2024-10-31,,,OWNER_003,2024-09-16,Pure Service,info,[customer_code_normalized] Customer code normalized as 'COMPANY_148' | [synthetic_deal_id] Assigned surrogate import key IMPORT-DEAL-869BDF779A30 due to missing source primary key | [missing_deal_value] Deal value is missing | [missing_probability] Closure probability is missing (not imputed),78
IMPORT-DEAL-36B6AD564F00,Alphonse,COMPANY_078,Railways,Project Lost,Dead,,,2024-11-18,,,OWNER_006,2024-09-20,,info,[customer_code_normalized] Customer code normalized as 'COMPANY_078' | [synthetic_deal_id] Assigned surrogate import key IMPORT-DEAL-36B6AD564F00 due to missing source primary key | [missing_deal_value] Deal value is missing | [missing_probability] Closure probability is missing (not imputed),79
IMPORT-DEAL-8964438E96F5,Alphonse,COMPANY_112,Others,Not Relevant Currently,Dead,,,2024-10-31,,,OWNER_006,2024-09-20,,info,[customer_code_normalized] Customer code normalized as 'COMPANY_112' | [synthetic_deal_id] Assigned surrogate import key IMPORT-DEAL-8964438E96F5 due to missing source primary key | [missing_deal_value] Deal value is missing | [missing_probability] Closure probability is missing (not imputed),80
IMPORT-DEAL-D268CED53E95,Alphonse,COMPANY_071,Renewables,Project Lost,Dead,489360.0,,2025-01-14,,,OWNER_003,2024-09-20,Pure Service,info,[customer_code_normalized] Customer code normalized as 'COMPANY_071' | [synthetic_deal_id] Assigned surrogate import key IMPORT-DEAL-D268CED53E95 due to missing source primary key | [missing_probability] Closure probability is missing (not imputed),81
IMPORT-DEAL-F4D16F3B4931,Alphonse,COMPANY_133,Renewables,Project On Hold,Dead,,,2025-05-13,,,OWNER_003,2024-09-20,Pure Service,info,[customer_code_normalized] Customer code normalized as 'COMPANY_133' | [synthetic_deal_id] Assigned surrogate import key IMPORT-DEAL-F4D16F3B4931 due to missing source primary key | [missing_deal_value] Deal value is missing | [missing_probability] Closure probability is missing (not imputed),82
IMPORT-DEAL-DB66E4320829,Alphonse,COMPANY_194,Construction,Not Relevant Currently,Dead,,,2024-10-31,,,OWNER_003,2024-09-20,Pure Service,info,[customer_code_normalized] Customer code normalized as 'COMPANY_194' | [synthetic_deal_id] Assigned surrogate import key IMPORT-DEAL-DB66E4320829 due to missing source primary key | [missing_deal_value] Deal value is missing | [missing_probability] Closure probability is missing (not imputed),83
IMPORT-DEAL-D1D4A08FD570,Alphonse,COMPANY_142,Others,Project Lost,Dead,,,2024-11-08,,,OWNER_006,2024-10-07,,info,[customer_code_normalized] Customer code normalized as 'COMPANY_142' | [synthetic_deal_id] Assigned surrogate import key IMPORT-DEAL-D1D4A08FD570 due to missing source primary key | [missing_deal_value] Deal value is missing | [missing_probability] Closure probability is missing (not imputed),84
IMPORT-DEAL-9491702C4015,Spike Spiegel,COMPANY_169,Powerline,Project Lost,Dead,,,2025-06-23,,,OWNER_006,2024-10-07,,info,[customer_code_normalized] Customer code normalized as 'COMPANY_169' | [synthetic_deal_id] Assigned surrogate import key IMPORT-DEAL-9491702C4015 due to missing source primary key | [missing_deal_value] Deal value is missing | [missing_probability] Closure probability is missing (not imputed),85
IMPORT-DEAL-F91AEAB4EB55,Faye Valentine,COMPANY_186,Mining,Demo Done,Dead,,,2024-11-30,,,,2024-10-08,,info,[customer_code_normalized] Customer code normalized as 'COMPANY_186' | [synthetic_deal_id] Assigned surrogate import key IMPORT-DEAL-F91AEAB4EB55 due to missing source primary key | [missing_deal_value] Deal value is missing | [missing_probability] Closure probability is missing (not imputed),86
IMPORT-DEAL-B9125D68C3EC,Kenshin,COMPANY_186,Mining,Invoice Sent,Dead,,,2024-11-16,,,,2024-11-01,,info,[customer_code_normalized] Customer code normalized as 'COMPANY_186' | [synthetic_deal_id] Assigned surrogate import key IMPORT-DEAL-B9125D68C3EC due to missing source primary key | [missing_deal_value] Deal value is missing | [missing_probability] Closure probability is missing (not imputed),87
IMPORT-DEAL-0A602EC0C7E2,Rei,COMPANY_172,Others,Proposal Sent,Dead,,,2024-12-31,,,,2024-11-02,,info,[customer_code_normalized] Customer code normalized as 'COMPANY_172' | [synthetic_deal_id] Assigned surrogate import key IMPORT-DEAL-0A602EC0C7E2 due to missing source primary key | [missing_deal_value] Deal value is missing | [missing_probability] Closure probability is missing (not imputed),88
IMPORT-DEAL-C4BAEA15B171,Jake the Dog,COMPANY_017,Renewables,Proposal Sent,Dead,,,2024-12-31,,,,2024-11-05,,info,[customer_code_normalized] Customer code normalized as 'COMPANY_017' | [synthetic_deal_id] Assigned surrogate import key IMPORT-DEAL-C4BAEA15B171 due to missing source primary key | [missing_deal_value] Deal value is missing | [missing_probability] Closure probability is missing (not imputed),89
IMPORT-DEAL-2DEB90C3BF28,Piccolo,COMPANY_085,Mining,Project On Hold,Dead,,,2025-06-23,,,OWNER_001,2024-11-17,,info,[customer_code_normalized] Customer code normalized as 'COMPANY_085' | [synthetic_deal_id] Assigned surrogate import key IMPORT-DEAL-2DEB90C3BF28 due to missing source primary key | [missing_deal_value] Deal value is missing | [missing_probability] Closure probability is missing (not imputed),90
IMPORT-DEAL-AB5462F10705,Totoro,COMPANY_121,Mining,Project Lost,Dead,17739300.0,,2025-05-13,,,OWNER_003,2024-11-17,Pure Service,info,[customer_code_normalized] Customer code normalized as 'COMPANY_121' | [synthetic_deal_id] Assigned surrogate import key IMPORT-DEAL-AB5462F10705 due to missing source primary key | [missing_probability] Closure probability is missing (not imputed),91
IMPORT-DEAL-B37D64F88336,Chihiro,COMPANY_116,Mining,Project Lost,Dead,1223400.0,,2025-01-14,,,OWNER_003,2024-11-17,Pure Service,info,[customer_code_normalized] Customer code normalized as 'COMPANY_116' | [synthetic_deal_id] Assigned surrogate import key IMPORT-DEAL-B37D64F88336 due to missing source primary key | [missing_probability] Closure probability is missing (not imputed),92
IMPORT-DEAL-E956279FF7DA,Howl,COMPANY_025,Others,Project Lost,Dead,244680.0,,2025-01-14,,,OWNER_003,2024-11-17,Pure Service,info,[customer_code_normalized] Customer code normalized as 'COMPANY_025' | [synthetic_deal_id] Assigned surrogate import key IMPORT-DEAL-E956279FF7DA due to missing source primary key | [missing_probability] Closure probability is missing (not imputed),93
IMPORT-DEAL-C7884CE6945F,Kiki,COMPANY_133,Renewables,Project On Hold,Dead,244680.0,,2025-05-13,,,OWNER_003,2024-11-17,Pure Service,info,[customer_code_normalized] Customer code normalized as 'COMPANY_133' | [synthetic_deal_id] Assigned surrogate import key IMPORT-DEAL-C7884CE6945F due to missing source primary key | [missing_probability] Closure probability is missing (not imputed),94
IMPORT-DEAL-642865FB55A3,Monkey D. Dragon,COMPANY_120,Renewables,Project Lost,Dead,,,2025-01-17,,,OWNER_001,2024-11-17,,info,[customer_code_normalized] Customer code normalized as 'COMPANY_120' | [synthetic_deal_id] Assigned surrogate import key IMPORT-DEAL-642865FB55A3 due to missing source primary key | [missing_deal_value] Deal value is missing | [missing_probability] Closure probability is missing (not imputed),95
IMPORT-DEAL-F506B0F25484,Shanks,COMPANY_175,Mining,Project Lost,Dead,305850.0,,2025-01-14,,,OWNER_003,2024-11-17,Pure Service,info,[customer_code_normalized] Customer code normalized as 'COMPANY_175' | [synthetic_deal_id] Assigned surrogate import key IMPORT-DEAL-F506B0F25484 due to missing source primary key | [missing_probability] Closure probability is missing (not imputed),96
IMPORT-DEAL-757381107DA9,Shanks,COMPANY_058,Renewables,Project Lost,Dead,305850.0,,2025-01-14,,,OWNER_003,2024-11-17,Pure Service,info,[customer_code_normalized] Customer code normalized as 'COMPANY_058' | [synthetic_deal_id] Assigned surrogate import key IMPORT-DEAL-757381107DA9 due to missing source primary key | [missing_probability] Closure probability is missing (not imputed),97
IMPORT-DEAL-987119959323,Pain,COMPANY_020,Others,Project Lost,Dead,,,2024-12-27,,,OWNER_006,2024-11-17,,info,[customer_code_normalized] Customer code normalized as 'COMPANY_020' | [synthetic_deal_id] Assigned surrogate import key IMPORT-DEAL-987119959323 due to missing source primary key | [missing_deal_value] Deal value is missing | [missing_probability] Closure probability is missing (not imputed),98
IMPORT-DEAL-1DDFA4C069D7,Ace,COMPANY_122,Renewables,Project Lost,Dead,,,2024-12-13,,,OWNER_006,2024-11-18,,info,[customer_code_normalized] Customer code normalized as 'COMPANY_122' | [synthetic_deal_id] Assigned surrogate import key IMPORT-DEAL-1DDFA4C069D7 due to missing source primary key | [missing_deal_value] Deal value is missing | [missing_probability] Closure probability is missing (not imputed),99
IMPORT-DEAL-05C8B14A2DD0,Gaara,COMPANY_122,Renewables,Project Lost,Dead,,,2025-06-22,,,OWNER_006,2024-11-18,,info,[customer_code_normalized] Customer code normalized as 'COMPANY_122' | [synthetic_deal_id] Assigned surrogate import key IMPORT-DEAL-05C8B14A2DD0 due to missing source primary key | [missing_deal_value] Deal value is missing | [missing_probability] Closure probability is missing (not imputed),100
IMPORT-DEAL-C2614319EF2B,Itachi,COMPANY_157,Mining,Project Lost,Dead,21409500.0,,2025-01-14,,,OWNER_003,2024-11-19,Pure Service,info,[customer_code_normalized] Customer code normalized as 'COMPANY_157' | [synthetic_deal_id] Assigned surrogate import key IMPORT-DEAL-C2614319EF2B due to missing source primary key | [missing_probability] Closure probability is missing (not imputed),101
IMPORT-DEAL-59059F9ADA66,Itachi,COMPANY_016,Renewables,Sales Qualified Lead,Dead,,,2024-12-31,,,,2024-11-21,,info,[customer_code_normalized] Customer code normalized as 'COMPANY_016' | [synthetic_deal_id] Assigned surrogate import key IMPORT-DEAL-59059F9ADA66 due to missing source primary key | [missing_deal_value] Deal value is missing | [missing_probability] Closure probability is missing (not imputed),102
IMPORT-DEAL-9666A3019D54,Itachi,COMPANY_172,Mining,Sales Qualified Lead,Dead,,,2025-01-31,,,,2024-12-04,,info,[customer_code_normalized] Customer code normalized as 'COMPANY_172' | [synthetic_deal_id] Assigned surrogate import key IMPORT-DEAL-9666A3019D54 due to missing source primary key | [missing_deal_value] Deal value is missing | [missing_probability] Closure probability is missing (not imputed),103
IMPORT-DEAL-7A15D6DFB4C1,Itachi,COMPANY_018,Others,Invoice Sent,Dead,,,2024-12-20,,,,2024-12-12,,info,[customer_code_normalized] Customer code normalized as 'COMPANY_018' | [synthetic_deal_id] Assigned surrogate import key IMPORT-DEAL-7A15D6DFB4C1 due to missing source primary key | [missing_deal_value] Deal value is missing | [missing_probability] Closure probability is missing (not imputed),104
IMPORT-DEAL-34A2919BE022,Kaguya,COMPANY_150,Renewables,Project Lost,Dead,,,2025-01-31,,,OWNER_006,2024-12-27,,info,[customer_code_normalized] Customer code normalized as 'COMPANY_150' | [synthetic_deal_id] Assigned surrogate import key IMPORT-DEAL-34A2919BE022 due to missing source primary key | [missing_deal_value] Deal value is missing | [missing_probability] Closure probability is missing (not imputed),105
IMPORT-DEAL-02AB35000CB1,Kaguya,COMPANY_128,Mining,Invoice Sent,Dead,,,2025-01-23,,,OWNER_006,2025-01-03,,info,[customer_code_normalized] Customer code normalized as 'COMPANY_128' | [synthetic_deal_id] Assigned surrogate import key IMPORT-DEAL-02AB35000CB1 due to missing source primary key | [missing_deal_value] Deal value is missing | [missing_probability] Closure probability is missing (not imputed),106
IMPORT-DEAL-221EFC50D485,Bulma,COMPANY_072,Mining,Project Lost,Dead,4037220.0,,2025-07-04,,,OWNER_003,2025-01-14,Pure Service,info,[customer_code_normalized] Customer code normalized as 'COMPANY_072' | [synthetic_deal_id] Assigned surrogate import key IMPORT-DEAL-221EFC50D485 due to missing source primary key | [missing_probability] Closure probability is missing (not imputed),107
IMPORT-DEAL-7DA68B460E09,Trunks,COMPANY_038,Renewables,Not Relevant Currently,Dead,489360.0,,2025-02-28,,,OWNER_003,2025-01-16,Pure Service,info,[customer_code_normalized] Customer code normalized as 'COMPANY_038' | [synthetic_deal_id] Assigned surrogate import key IMPORT-DEAL-7DA68B460E09 due to missing source primary key | [missing_probability] Closure probability is missing (not imputed),108
IMPORT-DEAL-02E3ED0C58E7,Trunks,COMPANY_038,Renewables,Not Relevant Currently,Dead,367020.0,,2025-02-28,,,OWNER_003,2025-01-16,Pure Service,info,[customer_code_normalized] Customer code normalized as 'COMPANY_038' | [synthetic_deal_id] Assigned surrogate import key IMPORT-DEAL-02E3ED0C58E7 due to missing source primary key | [missing_probability] Closure probability is missing (not imputed),109
IMPORT-DEAL-797799DB54E0,Killua,COMPANY_038,Renewables,Not Relevant Currently,Dead,367020.0,,2025-02-28,,,OWNER_003,2025-01-16,Pure Service,info,[customer_code_normalized] Customer code normalized as 'COMPANY_038' | [synthetic_deal_id] Assigned surrogate import key IMPORT-DEAL-797799DB54E0 due to missing source primary key | [missing_probability] Closure probability is missing (not imputed),110
IMPORT-DEAL-718E35B51DEE,Gon,COMPANY_038,Renewables,Not Relevant Currently,Dead,397605.0,,2025-02-28,,,OWNER_003,2025-01-16,Pure Service,info,[customer_code_normalized] Customer code normalized as 'COMPANY_038' | [synthetic_deal_id] Assigned surrogate import key IMPORT-DEAL-718E35B51DEE due to missing source primary key | [missing_probability] Closure probability is missing (not imputed),111
IMPORT-DEAL-FDBCE208D0D3,Kurapika,COMPANY_182,Mining,Invoice Sent,Dead,,,2025-02-28,,,OWNER_001,2025-01-17,,info,[customer_code_normalized] Customer code normalized as 'COMPANY_182' | [synthetic_deal_id] Assigned surrogate import key IMPORT-DEAL-FDBCE208D0D3 due to missing source primary key | [missing_deal_value] Deal value is missing | [missing_probability] Closure probability is missing (not imputed),112
IMPORT-DEAL-C861D4DE76B3,Hisoka,COMPANY_185,Others,Not Relevant Currently,Dead,,,2025-02-28,,,OWNER_003,2025-01-21,Pure Service,info,[customer_code_normalized] Customer code normalized as 'COMPANY_185' | [synthetic_deal_id] Assigned surrogate import key IMPORT-DEAL-C861D4DE76B3 due to missing source primary key | [missing_deal_value] Deal value is missing | [missing_probability] Closure probability is missing (not imputed),113
IMPORT-DEAL-85AE1A2E74B8,Sailor Moon,COMPANY_196,Mining,Project Lost,Dead,,,2025-03-27,,,OWNER_003,2025-01-29,Pure Service,info,[customer_code_normalized] Customer code normalized as 'COMPANY_196' | [synthetic_deal_id] Assigned surrogate import key IMPORT-DEAL-85AE1A2E74B8 due to missing source primary key | [missing_deal_value] Deal value is missing | [missing_probability] Closure probability is missing (not imputed),114
IMPORT-DEAL-4EFFDE2702B7,Sailor Moon,COMPANY_162,Others,Project Lost,Dead,,,2025-02-24,,,OWNER_006,2025-02-19,,info,[customer_code_normalized] Customer code normalized as 'COMPANY_162' | [synthetic_deal_id] Assigned surrogate import key IMPORT-DEAL-4EFFDE2702B7 due to missing source primary key | [missing_deal_value] Deal value is missing | [missing_probability] Closure probability is missing (not imputed),115
IMPORT-DEAL-592BE7717265,Sailor Moon,COMPANY_160,Mining,Not Relevant Currently,Dead,,,,,,OWNER_006,2025-03-11,,info,[customer_code_normalized] Customer code normalized as 'COMPANY_160' | [synthetic_deal_id] Assigned surrogate import key IMPORT-DEAL-592BE7717265 due to missing source primary key | [missing_deal_value] Deal value is missing | [missing_probability] Closure probability is missing (not imputed) | [missing_exact_close_date] Tentative close date is missing,116
IMPORT-DEAL-45901140CD16,Sailor Moon,COMPANY_146,Renewables,Project On Hold,Dead,,,2025-06-22,,,OWNER_006,2025-03-27,,info,[customer_code_normalized] Customer code normalized as 'COMPANY_146' | [synthetic_deal_id] Assigned surrogate import key IMPORT-DEAL-45901140CD16 due to missing source primary key | [missing_deal_value] Deal value is missing | [missing_probability] Closure probability is missing (not imputed),117
IMPORT-DEAL-73825D30E13B,Inuyasha,COMPANY_125,Powerline,Project Lost,Dead,2849787.96,,2025-05-26,,,OWNER_002,2025-05-13,Service + Spectra,info,[customer_code_normalized] Customer code normalized as 'COMPANY_125' | [synthetic_deal_id] Assigned surrogate import key IMPORT-DEAL-73825D30E13B due to missing source primary key | [missing_probability] Closure probability is missing (not imputed),118
IMPORT-DEAL-76ED1F44ECAA,Sesshomaru,COMPANY_125,Powerline,Project Lost,Dead,3988803.9450000003,,2025-05-26,,,OWNER_002,2025-05-13,Service + Spectra,info,[customer_code_normalized] Customer code normalized as 'COMPANY_125' | [synthetic_deal_id] Assigned surrogate import key IMPORT-DEAL-76ED1F44ECAA due to missing source primary key | [missing_probability] Closure probability is missing (not imputed),119
IMPORT-DEAL-999F2FF60546,Sesshomaru,COMPANY_125,Powerline,Project Lost,Dead,3383159.775,,2025-05-26,,,OWNER_002,2025-05-13,Service + Spectra,info,[customer_code_normalized] Customer code normalized as 'COMPANY_125' | [synthetic_deal_id] Assigned surrogate import key IMPORT-DEAL-999F2FF60546 due to missing source primary key | [missing_probability] Closure probability is missing (not imputed),120
IMPORT-DEAL-1DC1842AE5EB,Sesshomaru,COMPANY_154,Mining,POC,Dead,3058500.0,,2025-07-04,,,OWNER_003,2025-05-13,Pure Service,info,[customer_code_normalized] Customer code normalized as 'COMPANY_154' | [synthetic_deal_id] Assigned surrogate import key IMPORT-DEAL-1DC1842AE5EB due to missing source primary key | [missing_probability] Closure probability is missing (not imputed),121
IMPORT-DEAL-E6632E6040EC,Kirito,COMPANY_186,Mining,Project On Hold,Dead,,,2025-09-15,,,OWNER_003,2025-05-14,Pure Service,info,[customer_code_normalized] Customer code normalized as 'COMPANY_186' | [synthetic_deal_id] Assigned surrogate import key IMPORT-DEAL-E6632E6040EC due to missing source primary key | [missing_deal_value] Deal value is missing | [missing_probability] Closure probability is missing (not imputed),122
IMPORT-DEAL-27F95718EAD4,Asuna,COMPANY_005,Construction,Project Lost,Dead,,,2025-07-04,,,OWNER_003,2025-05-14,Pure Service,info,[customer_code_normalized] Customer code normalized as 'COMPANY_005' | [synthetic_deal_id] Assigned surrogate import key IMPORT-DEAL-27F95718EAD4 due to missing source primary key | [missing_deal_value] Deal value is missing | [missing_probability] Closure probability is missing (not imputed),123
IMPORT-DEAL-6A372EBAB91A,Rem,COMPANY_199,Renewables,Project On Hold,Dead,,,2025-09-15,,,OWNER_003,2025-05-14,Pure Service,info,[customer_code_normalized] Customer code normalized as 'COMPANY_199' | [synthetic_deal_id] Assigned surrogate import key IMPORT-DEAL-6A372EBAB91A due to missing source primary key | [missing_deal_value] Deal value is missing | [missing_probability] Closure probability is missing (not imputed),124
IMPORT-DEAL-F9DCA0FCC6FB,Emilia,COMPANY_071,Renewables,Project On Hold,Dead,550530.0,,2025-07-04,,,OWNER_003,2025-05-14,Pure Service,info,[customer_code_normalized] Customer code normalized as 'COMPANY_071' | [synthetic_deal_id] Assigned surrogate import key IMPORT-DEAL-F9DCA0FCC6FB due to missing source primary key | [missing_probability] Closure probability is missing (not imputed),125
IMPORT-DEAL-CED061A890D4,Subaru,COMPANY_027,Railways,Not Relevant,Dead,,,2025-06-30,,,OWNER_003,2025-05-14,Pure Service,info,[customer_code_normalized] Customer code normalized as 'COMPANY_027' | [synthetic_deal_id] Assigned surrogate import key IMPORT-DEAL-CED061A890D4 due to missing source primary key | [missing_deal_value] Deal value is missing | [missing_probability] Closure probability is missing (not imputed),126
IMPORT-DEAL-D99FE585E757,Subaru,COMPANY_186,Mining,Not Relevant,Dead,,,2025-06-30,,,OWNER_003,2025-05-14,Pure Service,info,[customer_code_normalized] Customer code normalized as 'COMPANY_186' | [synthetic_deal_id] Assigned surrogate import key IMPORT-DEAL-D99FE585E757 due to missing source primary key | [missing_deal_value] Deal value is missing | [missing_probability] Closure probability is missing (not imputed),127
IMPORT-DEAL-F67AFF34BCC1,Subaru,COMPANY_101,Railways,POC,Dead,3670200.0,,2025-07-04,,,OWNER_003,2025-05-14,Pure Service,info,[customer_code_normalized] Customer code normalized as 'COMPANY_101' | [synthetic_deal_id] Assigned surrogate import key IMPORT-DEAL-F67AFF34BCC1 due to missing source primary key | [missing_probability] Closure probability is missing (not imputed),128
IMPORT-DEAL-ABF051FE85FB,Subaru,COMPANY_066,Railways,Not Relevant,Dead,,,2025-06-30,,,OWNER_003,2025-05-14,Pure Service,info,[customer_code_normalized] Customer code normalized as 'COMPANY_066' | [synthetic_deal_id] Assigned surrogate import key IMPORT-DEAL-ABF051FE85FB due to missing source primary key | [missing_deal_value] Deal value is missing | [missing_probability] Closure probability is missing (not imputed),129
IMPORT-DEAL-575674EBE666,Subaru,COMPANY_198,Others,Project Lost,Dead,,,2025-07-04,,,OWNER_003,2025-05-14,Pure Service,info,[customer_code_normalized] Customer code normalized as 'COMPANY_198' | [synthetic_deal_id] Assigned surrogate import key IMPORT-DEAL-575674EBE666 due to missing source primary key | [missing_deal_value] Deal value is missing | [missing_probability] Closure probability is missing (not imputed),130
IMPORT-DEAL-DAD6045B1091,Subaru,COMPANY_176,Renewables,Not Relevant Currently,Dead,,,2025-06-30,,,OWNER_003,2025-05-14,Pure Service,info,[customer_code_normalized] Customer code normalized as 'COMPANY_176' | [synthetic_deal_id] Assigned surrogate import key IMPORT-DEAL-DAD6045B1091 due to missing source primary key | [missing_deal_value] Deal value is missing | [missing_probability] Closure probability is missing (not imputed),131
IMPORT-DEAL-71CB16993D6D,Subaru,COMPANY_145,Renewables,Project Lost,Dead,54441300.0,,2025-07-28,,,OWNER_003,2025-05-14,Pure Service,info,[customer_code_normalized] Customer code normalized as 'COMPANY_145' | [synthetic_deal_id] Assigned surrogate import key IMPORT-DEAL-71CB16993D6D due to missing source primary key | [missing_probability] Closure probability is missing (not imputed),132
IMPORT-DEAL-47AE0839F6E5,Subaru,COMPANY_058,Renewables,Project On Hold,Dead,305850.0,,2025-07-04,,,OWNER_003,2025-05-14,Pure Service,info,[customer_code_normalized] Customer code normalized as 'COMPANY_058' | [synthetic_deal_id] Assigned surrogate import key IMPORT-DEAL-47AE0839F6E5 due to missing source primary key | [missing_probability] Closure probability is missing (not imputed),133
IMPORT-DEAL-C64EE2F2E3E5,Subaru,COMPANY_155,Others,Not Relevant Currently,Dead,,,2025-06-30,,,OWNER_003,2025-05-14,Pure Service,info,[customer_code_normalized] Customer code normalized as 'COMPANY_155' | [synthetic_deal_id] Assigned surrogate import key IMPORT-DEAL-C64EE2F2E3E5 due to missing source primary key | [missing_deal_value] Deal value is missing | [missing_probability] Closure probability is missing (not imputed),134
IMPORT-DEAL-89B4F40D364D,Kaneki,COMPANY_133,Renewables,Project On Hold,Dead,550530.0,,2025-07-28,,,OWNER_003,2025-05-14,Pure Service,info,[customer_code_normalized] Customer code normalized as 'COMPANY_133' | [synthetic_deal_id] Assigned surrogate import key IMPORT-DEAL-89B4F40D364D due to missing source primary key | [missing_probability] Closure probability is missing (not imputed),135
IMPORT-DEAL-2D912E106086,Inosuke,COMPANY_018,Renewables,Project On Hold,Dead,550530.0,,2025-07-04,,,OWNER_003,2025-05-15,Pure Service,info,[customer_code_normalized] Customer code normalized as 'COMPANY_018' | [synthetic_deal_id] Assigned surrogate import key IMPORT-DEAL-2D912E106086 due to missing source primary key | [missing_probability] Closure probability is missing (not imputed),136
IMPORT-DEAL-883F7054980F,Touka,COMPANY_114,Renewables,Not Relevant,Dead,,,2025-06-30,,,OWNER_003,2025-05-15,Pure Service,info,[customer_code_normalized] Customer code normalized as 'COMPANY_114' | [synthetic_deal_id] Assigned surrogate import key IMPORT-DEAL-883F7054980F due to missing source primary key | [missing_deal_value] Deal value is missing | [missing_probability] Closure probability is missing (not imputed),137
IMPORT-DEAL-884A9F653DD0,Jotaro,COMPANY_073,Mining,Project Lost,Dead,,,2024-11-17,,,OWNER_001,2024-08-09,,info,[customer_code_normalized] Customer code normalized as 'COMPANY_073' | [synthetic_deal_id] Assigned surrogate import key IMPORT-DEAL-884A9F653DD0 due to missing source primary key | [missing_deal_value] Deal value is missing | [missing_probability] Closure probability is missing (not imputed),138
IMPORT-DEAL-EC915809BAB8,Dio,COMPANY_167,Others,Project Lost,Dead,,,2025-06-23,,,OWNER_006,2024-08-12,,info,[customer_code_normalized] Customer code normalized as 'COMPANY_167' | [synthetic_deal_id] Assigned surrogate import key IMPORT-DEAL-EC915809BAB8 due to missing source primary key | [missing_deal_value] Deal value is missing | [missing_probability] Closure probability is missing (not imputed),139
IMPORT-DEAL-A41A731B5BBC,Josuke,COMPANY_122,Renewables,Project Lost,Dead,,,2024-11-18,,,OWNER_006,2024-08-16,,info,[customer_code_normalized] Customer code normalized as 'COMPANY_122' | [synthetic_deal_id] Assigned surrogate import key IMPORT-DEAL-A41A731B5BBC due to missing source primary key | [missing_deal_value] Deal value is missing | [missing_probability] Closure probability is missing (not imputed),140
IMPORT-DEAL-F3E124161FB6,Josuke,COMPANY_075,Others,Not Relevant Currently,Dead,,,2024-09-30,,,OWNER_003,2024-08-09,Pure Service,info,[customer_code_normalized] Customer code normalized as 'COMPANY_075' | [synthetic_deal_id] Assigned surrogate import key IMPORT-DEAL-F3E124161FB6 due to missing source primary key | [missing_deal_value] Deal value is missing | [missing_probability] Closure probability is missing (not imputed),141
IMPORT-DEAL-F006787088D5,Giorno,COMPANY_098,Powerline,Project Lost,Dead,751473450.0,,2025-05-29,,,OWNER_002,2025-05-20,,info,[customer_code_normalized] Customer code normalized as 'COMPANY_098' | [synthetic_deal_id] Assigned surrogate import key IMPORT-DEAL-F006787088D5 due to missing source primary key | [missing_probability] Closure probability is missing (not imputed),142
IMPORT-DEAL-EE9418344E96,Armin,COMPANY_065,Renewables,Sales Qualified Lead,Dead,,,2025-06-30,,,OWNER_006,2025-05-27,,info,[customer_code_normalized] Customer code normalized as 'COMPANY_065' | [synthetic_deal_id] Assigned surrogate import key IMPORT-DEAL-EE9418344E96 due to missing source primary key | [missing_deal_value] Deal value is missing | [missing_probability] Closure probability is missing (not imputed),143
IMPORT-DEAL-26194A11E6C2,Erwin,COMPANY_200,Renewables,Project Lost,Dead,,,2025-07-04,,,OWNER_003,2025-05-27,Pure Service,info,[customer_code_normalized] Customer code normalized as 'COMPANY_200' | [synthetic_deal_id] Assigned surrogate import key IMPORT-DEAL-26194A11E6C2 due to missing source primary key | [missing_deal_value] Deal value is missing | [missing_probability] Closure probability is missing (not imputed),144
IMPORT-DEAL-A1A50917E004,Shoto Todoroki,COMPANY_148,Powerline,Not Relevant,Dead,,,2025-07-31,,,OWNER_002,2025-06-10,,info,[customer_code_normalized] Customer code normalized as 'COMPANY_148' | [synthetic_deal_id] Assigned surrogate import key IMPORT-DEAL-A1A50917E004 due to missing source primary key | [missing_deal_value] Deal value is missing | [missing_probability] Closure probability is missing (not imputed),145
IMPORT-DEAL-4839B52CCE68,Deku,COMPANY_191,Renewables,Not Relevant,Dead,,,2025-07-31,,,OWNER_003,2025-06-11,Pure Service,info,[customer_code_normalized] Customer code normalized as 'COMPANY_191' | [synthetic_deal_id] Assigned surrogate import key IMPORT-DEAL-4839B52CCE68 due to missing source primary key | [missing_deal_value] Deal value is missing | [missing_probability] Closure probability is missing (not imputed),146
IMPORT-DEAL-153F315B6D2C,Erwin,COMPANY_152,Renewables,Not Relevant,Dead,1223400.0,,2025-07-31,,,OWNER_003,2025-06-11,Pure Service,info,[customer_code_normalized] Customer code normalized as 'COMPANY_152' | [synthetic_deal_id] Assigned surrogate import key IMPORT-DEAL-153F315B6D2C due to missing source primary key | [missing_probability] Closure probability is missing (not imputed),147
IMPORT-DEAL-55EB4022824F,Erwin,COMPANY_034,Others,Not Relevant,Dead,,,2025-07-31,,,OWNER_003,2025-06-19,Pure Service,info,[customer_code_normalized] Customer code normalized as 'COMPANY_034' | [synthetic_deal_id] Assigned surrogate import key IMPORT-DEAL-55EB4022824F due to missing source primary key | [missing_deal_value] Deal value is missing | [missing_probability] Closure probability is missing (not imputed),148
IMPORT-DEAL-0ED386365F89,Erwin,COMPANY_181,Renewables,POC,Dead,,,2025-07-31,,,OWNER_006,2025-06-24,,info,[customer_code_normalized] Customer code normalized as 'COMPANY_181' | [synthetic_deal_id] Assigned surrogate import key IMPORT-DEAL-0ED386365F89 due to missing source primary key | [missing_deal_value] Deal value is missing | [missing_probability] Closure probability is missing (not imputed),149
IMPORT-DEAL-04C7553C86F2,Erwin,COMPANY_023,Renewables,Proposal Sent,Dead,,,2025-07-31,,,OWNER_006,2025-06-24,,info,[customer_code_normalized] Customer code normalized as 'COMPANY_023' | [synthetic_deal_id] Assigned surrogate import key IMPORT-DEAL-04C7553C86F2 due to missing source primary key | [missing_deal_value] Deal value is missing | [missing_probability] Closure probability is missing (not imputed),150
IMPORT-DEAL-9B1BB6AECC91,Erwin,COMPANY_128,Mining,Demo Done,Dead,,,2025-08-31,,,OWNER_006,2025-07-01,,info,[customer_code_normalized] Customer code normalized as 'COMPANY_128' | [synthetic_deal_id] Assigned surrogate import key IMPORT-DEAL-9B1BB6AECC91 due to missing source primary key | [missing_deal_value] Deal value is missing | [missing_probability] Closure probability is missing (not imputed),151
IMPORT-DEAL-CAFA8E6DE647,Rimuru,COMPANY_133,Renewables,Not Relevant,Dead,244680.0,,2025-08-31,,,OWNER_003,2025-07-28,Pure Service,info,[customer_code_normalized] Customer code normalized as 'COMPANY_133' | [synthetic_deal_id] Assigned surrogate import key IMPORT-DEAL-CAFA8E6DE647 due to missing source primary key | [missing_probability] Closure probability is missing (not imputed),152
IMPORT-DEAL-34102AD03DA3,Mugen,COMPANY_133,Renewables,Not Relevant,Dead,305850.0,,2025-08-31,,,OWNER_003,2025-07-28,Pure Service,info,[customer_code_normalized] Customer code normalized as 'COMPANY_133' | [synthetic_deal_id] Assigned surrogate import key IMPORT-DEAL-34102AD03DA3 due to missing source primary key | [missing_probability] Closure probability is missing (not imputed),153
IMPORT-DEAL-DF8EC4BB2B12,Shinra,COMPANY_030,Renewables,Not Relevant,Dead,367020.0,,2025-08-31,,,OWNER_003,2025-07-28,Pure Service,info,[customer_code_normalized] Customer code normalized as 'COMPANY_030' | [synthetic_deal_id] Assigned surrogate import key IMPORT-DEAL-DF8EC4BB2B12 due to missing source primary key | [missing_probability] Closure probability is missing (not imputed),154
IMPORT-DEAL-D13EF72073D7,Rengoku,COMPANY_082,Renewables,Not Relevant,Dead,367020.0,,2025-08-31,,,OWNER_003,2025-07-28,Pure Service,info,[customer_code_normalized] Customer code normalized as 'COMPANY_082' | [synthetic_deal_id] Assigned surrogate import key IMPORT-DEAL-D13EF72073D7 due to missing source primary key | [missing_probability] Closure probability is missing (not imputed),155
IMPORT-DEAL-83AEE5CAAEA8,Rengoku,COMPANY_007,Renewables,Project On Hold,Dead,550530.0,,2025-08-31,,,OWNER_003,2025-07-28,Pure Service,info,[customer_code_normalized] Customer code normalized as 'COMPANY_007' | [synthetic_deal_id] Assigned surrogate import key IMPORT-DEAL-83AEE5CAAEA8 due to missing source primary key | [missing_probability] Closure probability is missing (not imputed),156
IMPORT-DEAL-C046C5095996,Madara,COMPANY_006,Renewables,Proposal Sent,Dead,2569140.0,,2025-08-31,,,OWNER_003,2025-07-28,Pure Service,info,[customer_code_normalized] Customer code normalized as 'COMPANY_006' | [synthetic_deal_id] Assigned surrogate import key IMPORT-DEAL-C046C5095996 due to missing source primary key | [missing_probability] Closure probability is missing (not imputed),157
IMPORT-DEAL-A4B2F94BF0E3,Obito,COMPANY_053,Renewables,Project On Hold,Dead,,,2025-09-15,,,OWNER_003,2025-07-28,Pure Service,info,[customer_code_normalized] Customer code normalized as 'COMPANY_053' | [synthetic_deal_id] Assigned surrogate import key IMPORT-DEAL-A4B2F94BF0E3 due to missing source primary key | [missing_deal_value] Deal value is missing | [missing_probability] Closure probability is missing (not imputed),158
IMPORT-DEAL-5E764F092917,Obito,COMPANY_174,Renewables,Project On Hold,Dead,,,2025-08-31,,,OWNER_003,2025-07-28,Pure Service,info,[customer_code_normalized] Customer code normalized as 'COMPANY_174' | [synthetic_deal_id] Assigned surrogate import key IMPORT-DEAL-5E764F092917 due to missing source primary key | [missing_deal_value] Deal value is missing | [missing_probability] Closure probability is missing (not imputed),159
IMPORT-DEAL-7CFA081F507E,Akaza,COMPANY_158,Mining,Not Relevant,Dead,,,2025-08-31,,,OWNER_003,2025-07-28,Pure Service,info,[customer_code_normalized] Customer code normalized as 'COMPANY_158' | [synthetic_deal_id] Assigned surrogate import key IMPORT-DEAL-7CFA081F507E due to missing source primary key | [missing_deal_value] Deal value is missing | [missing_probability] Closure probability is missing (not imputed),160
IMPORT-DEAL-DE7E7746A094,Cell,COMPANY_007,Mining,Project Lost,Dead,97872000.0,,2025-08-31,,,OWNER_003,2025-07-28,Pure Service,info,[customer_code_normalized] Customer code normalized as 'COMPANY_007' | [synthetic_deal_id] Assigned surrogate import key IMPORT-DEAL-DE7E7746A094 due to missing source primary key | [missing_probability] Closure probability is missing (not imputed),161
IMPORT-DEAL-C4F8088CC090,Frieza,COMPANY_008,Renewables,Not Relevant,Dead,,,2025-08-31,,,OWNER_003,2025-07-28,Pure Service,info,[customer_code_normalized] Customer code normalized as 'COMPANY_008' | [synthetic_deal_id] Assigned surrogate import key IMPORT-DEAL-C4F8088CC090 due to missing source primary key | [missing_deal_value] Deal value is missing | [missing_probability] Closure probability is missing (not imputed),162
IMPORT-DEAL-FFA2EF0D0C3D,Frieza,COMPANY_081,Aviation,Not Relevant,Dead,176169600.0,,2025-08-31,,,OWNER_003,2025-07-28,Pure Service,info,[customer_code_normalized] Customer code normalized as 'COMPANY_081' | [synthetic_deal_id] Assigned surrogate import key IMPORT-DEAL-FFA2EF0D0C3D due to missing source primary key | [missing_probability] Closure probability is missing (not imputed),163
IMPORT-DEAL-126C64772C89,Beerus,COMPANY_079,Renewables,Not Relevant Currently,Dead,,,2025-08-31,,,OWNER_002,2025-07-29,,info,[customer_code_normalized] Customer code normalized as 'COMPANY_079' | [synthetic_deal_id] Assigned surrogate import key IMPORT-DEAL-126C64772C89 due to missing source primary key | [missing_deal_value] Deal value is missing | [missing_probability] Closure probability is missing (not imputed),164
IMPORT-DEAL-CFF49A321D1A,Whis,COMPANY_124,Powerline,Not Relevant,Dead,,,2025-09-30,,,OWNER_002,2025-08-11,,info,[customer_code_normalized] Customer code normalized as 'COMPANY_124' | [synthetic_deal_id] Assigned surrogate import key IMPORT-DEAL-CFF49A321D1A due to missing source primary key | [missing_deal_value] Deal value is missing | [missing_probability] Closure probability is missing (not imputed),165
IMPORT-DEAL-FF5DA7B40448,Gohan,COMPANY_195,Mining,Feasibility,Dead,,,2025-09-30,,,,2025-08-25,,info,[customer_code_normalized] Customer code normalized as 'COMPANY_195' | [synthetic_deal_id] Assigned surrogate import key IMPORT-DEAL-FF5DA7B40448 due to missing source primary key | [missing_deal_value] Deal value is missing | [missing_probability] Closure probability is missing (not imputed),166
IMPORT-DEAL-A7401D36C6D6,Gohan,COMPANY_119,Others,Proposal Sent,Dead,,,2025-10-31,,,,2025-09-05,,info,[customer_code_normalized] Customer code normalized as 'COMPANY_119' | [synthetic_deal_id] Assigned surrogate import key IMPORT-DEAL-A7401D36C6D6 due to missing source primary key | [missing_deal_value] Deal value is missing | [missing_probability] Closure probability is missing (not imputed),167
IMPORT-DEAL-96BFDA396B52,Gohan,COMPANY_049,Railways,Proposal Sent,Dead,19085040.0,,2025-10-31,,,OWNER_003,2025-09-15,Pure Service,info,[customer_code_normalized] Customer code normalized as 'COMPANY_049' | [synthetic_deal_id] Assigned surrogate import key IMPORT-DEAL-96BFDA396B52 due to missing source primary key | [missing_probability] Closure probability is missing (not imputed),168
IMPORT-DEAL-1B94F9971CC7,Gohan,COMPANY_156,Railways,Sales Qualified Lead,Dead,3670200.0,,2025-10-31,,,OWNER_003,2025-09-15,Pure Service,info,[customer_code_normalized] Customer code normalized as 'COMPANY_156' | [synthetic_deal_id] Assigned surrogate import key IMPORT-DEAL-1B94F9971CC7 due to missing source primary key | [missing_probability] Closure probability is missing (not imputed),169
IMPORT-DEAL-BD60DECA4135,Gohan,COMPANY_088,Manufacturing,Sales Qualified Lead,Dead,,,2025-10-31,,,OWNER_001,2025-09-15,,info,[customer_code_normalized] Customer code normalized as 'COMPANY_088' | [synthetic_deal_id] Assigned surrogate import key IMPORT-DEAL-BD60DECA4135 due to missing source primary key | [missing_deal_value] Deal value is missing | [missing_probability] Closure probability is missing (not imputed),170
IMPORT-DEAL-6147F9592D19,Krillin,COMPANY_147,Renewables,Feasibility,Open,1101060.0,,2025-10-31,,,OWNER_001,2025-09-15,,info,[customer_code_normalized] Customer code normalized as 'COMPANY_147' | [synthetic_deal_id] Assigned surrogate import key IMPORT-DEAL-6147F9592D19 due to missing source primary key | [missing_probability] Closure probability is missing (not imputed),171
IMPORT-DEAL-5CE8650092A8,Mickey Mouse,COMPANY_166,Powerline,Proposal Sent,Dead,944709.48,,2025-10-31,,,OWNER_002,2025-09-22,,info,[customer_code_normalized] Customer code normalized as 'COMPANY_166' | [synthetic_deal_id] Assigned surrogate import key IMPORT-DEAL-5CE8650092A8 due to missing source primary key | [missing_probability] Closure probability is missing (not imputed),172
IMPORT-DEAL-B5FB2DA912E9,Donald Duck,COMPANY_035,Railways,Project Lost,Dead,1223400.0,0.2,2025-11-24,,,OWNER_003,2025-11-18,Pure Service,info,[customer_code_normalized] Customer code normalized as 'COMPANY_035' | [synthetic_deal_id] Assigned surrogate import key IMPORT-DEAL-B5FB2DA912E9 due to missing source primary key,173
IMPORT-DEAL-7C29C5E7A33A,Goofy,COMPANY_189,Railways,Sales Qualified Lead,Dead,4973119.7766,0.2,2025-12-31,,,OWNER_003,2025-11-18,Pure Service,info,[customer_code_normalized] Customer code normalized as 'COMPANY_189' | [synthetic_deal_id] Assigned surrogate import key IMPORT-DEAL-7C29C5E7A33A due to missing source primary key,174
IMPORT-DEAL-7BAF1E471772,Daffy Duck,COMPANY_124,Tenders,Project Lost,Dead,6114436.977,0.5,2025-12-08,,,OWNER_002,2025-10-14,,info,[customer_code_normalized] Customer code normalized as 'COMPANY_124' | [synthetic_deal_id] Assigned surrogate import key IMPORT-DEAL-7BAF1E471772 due to missing source primary key,175
IMPORT-DEAL-D9D66CB2F8CB,Erwin,COMPANY_117,Powerline,Proposal Sent,Dead,1923184.8,0.2,2025-11-28,,,OWNER_002,2025-03-31,,info,[customer_code_normalized] Customer code normalized as 'COMPANY_117' | [synthetic_deal_id] Assigned surrogate import key IMPORT-DEAL-D9D66CB2F8CB due to missing source primary key,176
IMPORT-DEAL-F6EDC8A471F0,Alias_162,COMPANY_111,Railways,Project Lost,Dead,9200237.148,0.5,2025-10-31,,,OWNER_003,2025-09-15,Pure Service,info,[customer_code_normalized] Customer code normalized as 'COMPANY_111' | [synthetic_deal_id] Assigned surrogate import key IMPORT-DEAL-F6EDC8A471F0 due to missing source primary key,177
IMPORT-DEAL-47BC718B4EE1,Bugs Bunny,COMPANY_007,Mining,Project Lost,Dead,4893600.0,0.2,2026-01-20,,,OWNER_003,2025-11-18,Pure Service,info,[customer_code_normalized] Customer code normalized as 'COMPANY_007' | [synthetic_deal_id] Assigned surrogate import key IMPORT-DEAL-47BC718B4EE1 due to missing source primary key,178
IMPORT-DEAL-8F681AB326D3,Bugs Bunny,COMPANY_010,Mining,Demo Done,Dead,1835100.0,0.2,2025-12-15,,,OWNER_004,2025-11-20,Spectra Deal,info,[customer_code_normalized] Customer code normalized as 'COMPANY_010' | [synthetic_deal_id] Assigned surrogate import key IMPORT-DEAL-8F681AB326D3 due to missing source primary key,179
IMPORT-DEAL-CDF7B0C98D74,Bugs Bunny,COMPANY_105,Renewables,Project Won,Dead,2691480.0,,2025-11-21,,,OWNER_001,2025-11-17,Pure Service,info,[customer_code_normalized] Customer code normalized as 'COMPANY_105' | [synthetic_deal_id] Assigned surrogate import key IMPORT-DEAL-CDF7B0C98D74 due to missing source primary key | [missing_probability] Closure probability is missing (not imputed),180
IMPORT-DEAL-E1F1D2C6CB6D,Bugs Bunny,COMPANY_126,Powerline,Lead Generated,Won,,,,,,OWNER_003,2025-11-27,,info,[customer_code_normalized] Customer code normalized as 'COMPANY_126' | [synthetic_deal_id] Assigned surrogate import key IMPORT-DEAL-E1F1D2C6CB6D due to missing source primary key | [missing_deal_value] Deal value is missing | [missing_probability] Closure probability is missing (not imputed) | [missing_exact_close_date] Tentative close date is missing,182
IMPORT-DEAL-439B0B02B768,Bugs Bunny,COMPANY_036,Renewables,Lead Generated,Won,,,,,,OWNER_003,2025-11-27,,info,[customer_code_normalized] Customer code normalized as 'COMPANY_036' | [synthetic_deal_id] Assigned surrogate import key IMPORT-DEAL-439B0B02B768 due to missing source primary key | [missing_deal_value] Deal value is missing | [missing_probability] Closure probability is missing (not imputed) | [missing_exact_close_date] Tentative close date is missing,183
IMPORT-DEAL-FF06391ADDCD,Bugs Bunny,COMPANY_137,Mining,Lead Generated,Won,,,,,,OWNER_001,2025-11-27,,info,[customer_code_normalized] Customer code normalized as 'COMPANY_137' | [synthetic_deal_id] Assigned surrogate import key IMPORT-DEAL-FF06391ADDCD due to missing source primary key | [missing_deal_value] Deal value is missing | [missing_probability] Closure probability is missing (not imputed) | [missing_exact_close_date] Tentative close date is missing,184
IMPORT-DEAL-3D747AC05CDD,Scooby-Doo,COMPANY_137,Mining,Lead Generated,Won,,,,,,OWNER_001,2025-11-27,,info,[customer_code_normalized] Customer code normalized as 'COMPANY_137' | [synthetic_deal_id] Assigned surrogate import key IMPORT-DEAL-3D747AC05CDD due to missing source primary key | [missing_deal_value] Deal value is missing | [missing_probability] Closure probability is missing (not imputed) | [missing_exact_close_date] Tentative close date is missing,186
IMPORT-DEAL-FA9F6BC2CD1C,Scooby-Doo,COMPANY_024,Mining,Lead Generated,Won,,,,,,OWNER_001,2025-11-27,,info,[customer_code_normalized] Customer code normalized as 'COMPANY_024' | [synthetic_deal_id] Assigned surrogate import key IMPORT-DEAL-FA9F6BC2CD1C due to missing source primary key | [missing_deal_value] Deal value is missing | [missing_probability] Closure probability is missing (not imputed) | [missing_exact_close_date] Tentative close date is missing,188
IMPORT-DEAL-77591838A781,Shaggy,COMPANY_024,Mining,Lead Generated,Won,,,,,,OWNER_001,2025-11-27,,info,[customer_code_normalized] Customer code normalized as 'COMPANY_024' | [synthetic_deal_id] Assigned surrogate import key IMPORT-DEAL-77591838A781 due to missing source primary key | [missing_deal_value] Deal value is missing | [missing_probability] Closure probability is missing (not imputed) | [missing_exact_close_date] Tentative close date is missing,191
IMPORT-DEAL-148DE0E9B8D8,Tom,COMPANY_159,Mining,Lead Generated,Won,,,,,,OWNER_001,2025-11-27,,info,[customer_code_normalized] Customer code normalized as 'COMPANY_159' | [synthetic_deal_id] Assigned surrogate import key IMPORT-DEAL-148DE0E9B8D8 due to missing source primary key | [missing_deal_value] Deal value is missing | [missing_probability] Closure probability is missing (not imputed) | [missing_exact_close_date] Tentative close date is missing,192
IMPORT-DEAL-D580995C8B06,Jerry,COMPANY_001,Renewables,Lead Generated,Won,,,,,,OWNER_003,2025-11-27,,info,[customer_code_normalized] Customer code normalized as 'COMPANY_001' | [synthetic_deal_id] Assigned surrogate import key IMPORT-DEAL-D580995C8B06 due to missing source primary key | [missing_deal_value] Deal value is missing | [missing_probability] Closure probability is missing (not imputed) | [missing_exact_close_date] Tentative close date is missing,193
IMPORT-DEAL-A14694D69AD3,Deal Row 194,COMPANY_165,Railways,Lead Generated,Won,,,,,,OWNER_003,2025-11-27,,warning,[missing_deal_name] Deal Name is missing in raw row | [customer_code_normalized] Customer code normalized as 'COMPANY_165' | [synthetic_deal_id] Assigned surrogate import key IMPORT-DEAL-A14694D69AD3 due to missing source primary key | [missing_deal_value] Deal value is missing | [missing_probability] Closure probability is missing (not imputed) | [missing_exact_close_date] Tentative close date is missing,194
IMPORT-DEAL-9E65C5A8FC2E,Bart Simpson,COMPANY_188,Mining,Lead Generated,Won,,,,,,OWNER_001,2025-11-27,,info,[customer_code_normalized] Customer code normalized as 'COMPANY_188' | [synthetic_deal_id] Assigned surrogate import key IMPORT-DEAL-9E65C5A8FC2E due to missing source primary key | [missing_deal_value] Deal value is missing | [missing_probability] Closure probability is missing (not imputed) | [missing_exact_close_date] Tentative close date is missing,195
IMPORT-DEAL-19063CBC8D51,Bart Simpson,COMPANY_186,Mining,Lead Generated,Won,,,,,,OWNER_001,2025-11-27,,info,[customer_code_normalized] Customer code normalized as 'COMPANY_186' | [synthetic_deal_id] Assigned surrogate import key IMPORT-DEAL-19063CBC8D51 due to missing source primary key | [missing_deal_value] Deal value is missing | [missing_probability] Closure probability is missing (not imputed) | [missing_exact_close_date] Tentative close date is missing,196
IMPORT-DEAL-F79AD148B5CB,Lisa Simpson,COMPANY_085,Mining,Lead Generated,Won,,,,,,OWNER_001,2025-11-27,,info,[customer_code_normalized] Customer code normalized as 'COMPANY_085' | [synthetic_deal_id] Assigned surrogate import key IMPORT-DEAL-F79AD148B5CB due to missing source primary key | [missing_deal_value] Deal value is missing | [missing_probability] Closure probability is missing (not imputed) | [missing_exact_close_date] Tentative close date is missing,197
IMPORT-DEAL-AAE9E6A0C095,Bakugo,COMPANY_192,Mining,Lead Generated,Won,,,,,,OWNER_001,2025-11-27,,info,[customer_code_normalized] Customer code normalized as 'COMPANY_192' | [synthetic_deal_id] Assigned surrogate import key IMPORT-DEAL-AAE9E6A0C095 due to missing source primary key | [missing_deal_value] Deal value is missing | [missing_probability] Closure probability is missing (not imputed) | [missing_exact_close_date] Tentative close date is missing,198
IMPORT-DEAL-44B00B77877A,Deal Row 199,COMPANY_140,Mining,Lead Generated,Won,,,,,,OWNER_001,2025-11-27,,warning,[missing_deal_name] Deal Name is missing in raw row | [customer_code_normalized] Customer code normalized as 'COMPANY_140' | [synthetic_deal_id] Assigned surrogate import key IMPORT-DEAL-44B00B77877A due to missing source primary key | [missing_deal_value] Deal value is missing | [missing_probability] Closure probability is missing (not imputed) | [missing_exact_close_date] Tentative close date is missing,199
IMPORT-DEAL-5612110BCAD0,Marge Simpson,COMPANY_106,Construction,Lead Generated,Won,,,,,,OWNER_001,2025-11-27,,info,[customer_code_normalized] Customer code normalized as 'COMPANY_106' | [synthetic_deal_id] Assigned surrogate import key IMPORT-DEAL-5612110BCAD0 due to missing source primary key | [missing_deal_value] Deal value is missing | [missing_probability] Closure probability is missing (not imputed) | [missing_exact_close_date] Tentative close date is missing,200
IMPORT-DEAL-8E1B32233B33,Marge Simpson,COMPANY_054,Renewables,Lead Generated,Won,,,,,,OWNER_004,2025-11-27,,info,[customer_code_normalized] Customer code normalized as 'COMPANY_054' | [synthetic_deal_id] Assigned surrogate import key IMPORT-DEAL-8E1B32233B33 due to missing source primary key | [missing_deal_value] Deal value is missing | [missing_probability] Closure probability is missing (not imputed) | [missing_exact_close_date] Tentative close date is missing,201
IMPORT-DEAL-6B1444E1F9B5,Marge Simpson,COMPANY_076,Mining,Lead Generated,Won,,,,,,OWNER_001,2025-11-27,,info,[customer_code_normalized] Customer code normalized as 'COMPANY_076' | [synthetic_deal_id] Assigned surrogate import key IMPORT-DEAL-6B1444E1F9B5 due to missing source primary key | [missing_deal_value] Deal value is missing | [missing_probability] Closure probability is missing (not imputed) | [missing_exact_close_date] Tentative close date is missing,202
IMPORT-DEAL-3664EB74C69C,Peter Griffin,COMPANY_102,Mining,Lead Generated,Won,,,,,,OWNER_001,2025-11-27,,info,[customer_code_normalized] Customer code normalized as 'COMPANY_102' | [synthetic_deal_id] Assigned surrogate import key IMPORT-DEAL-3664EB74C69C due to missing source primary key | [missing_deal_value] Deal value is missing | [missing_probability] Closure probability is missing (not imputed) | [missing_exact_close_date] Tentative close date is missing,203
IMPORT-DEAL-B50E5B0D1D2E,Stewie Griffin,COMPANY_076,Mining,Lead Generated,Won,,,,,,OWNER_001,2025-11-27,,info,[customer_code_normalized] Customer code normalized as 'COMPANY_076' | [synthetic_deal_id] Assigned surrogate import key IMPORT-DEAL-B50E5B0D1D2E due to missing source primary key | [missing_deal_value] Deal value is missing | [missing_probability] Closure probability is missing (not imputed) | [missing_exact_close_date] Tentative close date is missing,204
IMPORT-DEAL-D780E8A7CD4B,Stewie Griffin,COMPANY_102,Mining,Lead Generated,Won,,,,,,OWNER_001,2025-11-27,,info,[customer_code_normalized] Customer code normalized as 'COMPANY_102' | [synthetic_deal_id] Assigned surrogate import key IMPORT-DEAL-D780E8A7CD4B due to missing source primary key | [missing_deal_value] Deal value is missing | [missing_probability] Closure probability is missing (not imputed) | [missing_exact_close_date] Tentative close date is missing,209
IMPORT-DEAL-0E90B1CB6454,Stewie Griffin,COMPANY_187,Mining,Lead Generated,Won,,,,,,OWNER_003,2025-11-27,,info,[customer_code_normalized] Customer code normalized as 'COMPANY_187' | [synthetic_deal_id] Assigned surrogate import key IMPORT-DEAL-0E90B1CB6454 due to missing source primary key | [missing_deal_value] Deal value is missing | [missing_probability] Closure probability is missing (not imputed) | [missing_exact_close_date] Tentative close date is missing,210
IMPORT-DEAL-B2405DF9A714,Stewie Griffin,COMPANY_169,Renewables,Lead Generated,Won,,0.8,,,,OWNER_001,2025-11-27,,info,[customer_code_normalized] Customer code normalized as 'COMPANY_169' | [synthetic_deal_id] Assigned surrogate import key IMPORT-DEAL-B2405DF9A714 due to missing source primary key | [missing_deal_value] Deal value is missing | [missing_exact_close_date] Tentative close date is missing,211
IMPORT-DEAL-B6984644170C,All Might,COMPANY_076,Mining,Lead Generated,Won,,,,,,OWNER_001,2025-11-27,,info,[customer_code_normalized] Customer code normalized as 'COMPANY_076' | [synthetic_deal_id] Assigned surrogate import key IMPORT-DEAL-B6984644170C due to missing source primary key | [missing_deal_value] Deal value is missing | [missing_probability] Closure probability is missing (not imputed) | [missing_exact_close_date] Tentative close date is missing,213
IMPORT-DEAL-8D0DEE5B7F13,SpongeBob,COMPANY_153,Renewables,Lead Generated,Won,,,,,,OWNER_003,2025-11-27,,info,[customer_code_normalized] Customer code normalized as 'COMPANY_153' | [synthetic_deal_id] Assigned surrogate import key IMPORT-DEAL-8D0DEE5B7F13 due to missing source primary key | [missing_deal_value] Deal value is missing | [missing_probability] Closure probability is missing (not imputed) | [missing_exact_close_date] Tentative close date is missing,214
IMPORT-DEAL-3DD0FA600793,Patrick Star,COMPANY_013,Renewables,Lead Generated,Won,,,,,,OWNER_003,2025-11-27,,info,[customer_code_normalized] Customer code normalized as 'COMPANY_013' | [synthetic_deal_id] Assigned surrogate import key IMPORT-DEAL-3DD0FA600793 due to missing source primary key | [missing_deal_value] Deal value is missing | [missing_probability] Closure probability is missing (not imputed) | [missing_exact_close_date] Tentative close date is missing,215
IMPORT-DEAL-CA0BCF5747C2,Squidward,COMPANY_141,Mining,Lead Generated,Won,,,,,,OWNER_001,2025-11-27,,info,[customer_code_normalized] Customer code normalized as 'COMPANY_141' | [synthetic_deal_id] Assigned surrogate import key IMPORT-DEAL-CA0BCF5747C2 due to missing source primary key | [missing_deal_value] Deal value is missing | [missing_probability] Closure probability is missing (not imputed) | [missing_exact_close_date] Tentative close date is missing,216
IMPORT-DEAL-2EEF121A769A,Squidward,COMPANY_099,Mining,Lead Generated,Won,,,,,,OWNER_003,2025-11-27,,info,[customer_code_normalized] Customer code normalized as 'COMPANY_099' | [synthetic_deal_id] Assigned surrogate import key IMPORT-DEAL-2EEF121A769A due to missing source primary key | [missing_deal_value] Deal value is missing | [missing_probability] Closure probability is missing (not imputed) | [missing_exact_close_date] Tentative close date is missing,217
IMPORT-DEAL-C8934FAC45A0,Squidward,COMPANY_137,Mining,Lead Generated,Won,,,,,,OWNER_001,2025-11-27,,info,[customer_code_normalized] Customer code normalized as 'COMPANY_137' | [synthetic_deal_id] Assigned surrogate import key IMPORT-DEAL-C8934FAC45A0 due to missing source primary key | [missing_deal_value] Deal value is missing | [missing_probability] Closure probability is missing (not imputed) | [missing_exact_close_date] Tentative close date is missing,218
IMPORT-DEAL-1A2B76F54C9E,Mr. Krabs,COMPANY_100,Mining,Lead Generated,Won,,,,,,OWNER_003,2025-11-27,,info,[customer_code_normalized] Customer code normalized as 'COMPANY_100' | [synthetic_deal_id] Assigned surrogate import key IMPORT-DEAL-1A2B76F54C9E due to missing source primary key | [missing_deal_value] Deal value is missing | [missing_probability] Closure probability is missing (not imputed) | [missing_exact_close_date] Tentative close date is missing,219
IMPORT-DEAL-1DA91237B055,Mr. Krabs,COMPANY_135,Renewables,Lead Generated,Won,,,,,,OWNER_003,2025-11-27,,info,[customer_code_normalized] Customer code normalized as 'COMPANY_135' | [synthetic_deal_id] Assigned surrogate import key IMPORT-DEAL-1DA91237B055 due to missing source primary key | [missing_deal_value] Deal value is missing | [missing_probability] Closure probability is missing (not imputed) | [missing_exact_close_date] Tentative close date is missing,220
IMPORT-DEAL-8436DA430FC1,Mr. Krabs,COMPANY_076,Mining,Lead Generated,Won,,,,,,OWNER_001,2025-11-27,,info,[customer_code_normalized] Customer code normalized as 'COMPANY_076' | [synthetic_deal_id] Assigned surrogate import key IMPORT-DEAL-8436DA430FC1 due to missing source primary key | [missing_deal_value] Deal value is missing | [missing_probability] Closure probability is missing (not imputed) | [missing_exact_close_date] Tentative close date is missing,221
IMPORT-DEAL-A323EE50D696,SpongeBob,COMPANY_092,Mining,Lead Generated,Won,,,,,,OWNER_001,2025-11-27,,info,[customer_code_normalized] Customer code normalized as 'COMPANY_092' | [synthetic_deal_id] Assigned surrogate import key IMPORT-DEAL-A323EE50D696 due to missing source primary key | [missing_deal_value] Deal value is missing | [missing_probability] Closure probability is missing (not imputed) | [missing_exact_close_date] Tentative close date is missing,222
IMPORT-DEAL-1B84085FDCE1,Ben Tennyson,COMPANY_012,Railways,Lead Generated,Won,,,,,,OWNER_003,2025-11-27,,info,[customer_code_normalized] Customer code normalized as 'COMPANY_012' | [synthetic_deal_id] Assigned surrogate import key IMPORT-DEAL-1B84085FDCE1 due to missing source primary key | [missing_deal_value] Deal value is missing | [missing_probability] Closure probability is missing (not imputed) | [missing_exact_close_date] Tentative close date is missing,223
IMPORT-DEAL-2CA2D4C6CBE6,Ben Tennyson,COMPANY_015,Mining,Lead Generated,Won,,,,,,OWNER_003,2025-11-27,,info,[customer_code_normalized] Customer code normalized as 'COMPANY_015' | [synthetic_deal_id] Assigned surrogate import key IMPORT-DEAL-2CA2D4C6CBE6 due to missing source primary key | [missing_deal_value] Deal value is missing | [missing_probability] Closure probability is missing (not imputed) | [missing_exact_close_date] Tentative close date is missing,224
IMPORT-DEAL-533C30652286,Ben Tennyson,COMPANY_076,Mining,Lead Generated,Won,,,,,,OWNER_001,2025-11-27,,info,[customer_code_normalized] Customer code normalized as 'COMPANY_076' | [synthetic_deal_id] Assigned surrogate import key IMPORT-DEAL-533C30652286 due to missing source primary key | [missing_deal_value] Deal value is missing | [missing_probability] Closure probability is missing (not imputed) | [missing_exact_close_date] Tentative close date is missing,225
IMPORT-DEAL-82E5EFEDAD28,Ben Tennyson,COMPANY_083,Mining,Lead Generated,Won,,,,,,OWNER_001,2025-11-27,,info,[customer_code_normalized] Customer code normalized as 'COMPANY_083' | [synthetic_deal_id] Assigned surrogate import key IMPORT-DEAL-82E5EFEDAD28 due to missing source primary key | [missing_deal_value] Deal value is missing | [missing_probability] Closure probability is missing (not imputed) | [missing_exact_close_date] Tentative close date is missing,226
IMPORT-DEAL-AC513B3E5C31,Ben Tennyson,COMPANY_134,Renewables,Lead Generated,Won,,,,,,OWNER_003,2025-11-27,,info,[customer_code_normalized] Customer code normalized as 'COMPANY_134' | [synthetic_deal_id] Assigned surrogate import key IMPORT-DEAL-AC513B3E5C31 due to missing source primary key | [missing_deal_value] Deal value is missing | [missing_probability] Closure probability is missing (not imputed) | [missing_exact_close_date] Tentative close date is missing,227
IMPORT-DEAL-DBC0D543FF03,Ben Tennyson,COMPANY_055,Others,Lead Generated,Won,,,,,,OWNER_004,2025-11-27,,info,[customer_code_normalized] Customer code normalized as 'COMPANY_055' | [synthetic_deal_id] Assigned surrogate import key IMPORT-DEAL-DBC0D543FF03 due to missing source primary key | [missing_deal_value] Deal value is missing | [missing_probability] Closure probability is missing (not imputed) | [missing_exact_close_date] Tentative close date is missing,228
IMPORT-DEAL-E9F2F56889B8,Ben Tennyson,COMPANY_054,Renewables,Lead Generated,Won,,,,,,OWNER_004,2025-11-27,,info,[customer_code_normalized] Customer code normalized as 'COMPANY_054' | [synthetic_deal_id] Assigned surrogate import key IMPORT-DEAL-E9F2F56889B8 due to missing source primary key | [missing_deal_value] Deal value is missing | [missing_probability] Closure probability is missing (not imputed) | [missing_exact_close_date] Tentative close date is missing,229
IMPORT-DEAL-7F845034AE6A,Ben Tennyson,COMPANY_164,Renewables,Lead Generated,Won,,,,,,OWNER_003,2025-11-27,,info,[customer_code_normalized] Customer code normalized as 'COMPANY_164' | [synthetic_deal_id] Assigned surrogate import key IMPORT-DEAL-7F845034AE6A due to missing source primary key | [missing_deal_value] Deal value is missing | [missing_probability] Closure probability is missing (not imputed) | [missing_exact_close_date] Tentative close date is missing,230
IMPORT-DEAL-AA668E5CF8C6,Ben Tennyson,COMPANY_003,Mining,Lead Generated,Won,,,,,,OWNER_003,2025-11-27,,info,[customer_code_normalized] Customer code normalized as 'COMPANY_003' | [synthetic_deal_id] Assigned surrogate import key IMPORT-DEAL-AA668E5CF8C6 due to missing source primary key | [missing_deal_value] Deal value is missing | [missing_probability] Closure probability is missing (not imputed) | [missing_exact_close_date] Tentative close date is missing,231
IMPORT-DEAL-6F01400B3612,Ben Tennyson,COMPANY_169,Renewables,Lead Generated,Won,,0.8,,,,OWNER_001,2025-11-27,,info,[customer_code_normalized] Customer code normalized as 'COMPANY_169' | [synthetic_deal_id] Assigned surrogate import key IMPORT-DEAL-6F01400B3612 due to missing source primary key | [missing_deal_value] Deal value is missing | [missing_exact_close_date] Tentative close date is missing,232
IMPORT-DEAL-96C6DCB46772,Ben Tennyson,COMPANY_106,Renewables,Lead Generated,Won,,,,,,OWNER_001,2025-11-27,,info,[customer_code_normalized] Customer code normalized as 'COMPANY_106' | [synthetic_deal_id] Assigned surrogate import key IMPORT-DEAL-96C6DCB46772 due to missing source primary key | [missing_deal_value] Deal value is missing | [missing_probability] Closure probability is missing (not imputed) | [missing_exact_close_date] Tentative close date is missing,233
IMPORT-DEAL-E06754C01455,Ben Tennyson,COMPANY_060,Railways,Lead Generated,Won,,,,,,OWNER_003,2025-11-27,,info,[customer_code_normalized] Customer code normalized as 'COMPANY_060' | [synthetic_deal_id] Assigned surrogate import key IMPORT-DEAL-E06754C01455 due to missing source primary key | [missing_deal_value] Deal value is missing | [missing_probability] Closure probability is missing (not imputed) | [missing_exact_close_date] Tentative close date is missing,234
IMPORT-DEAL-C5F8AE301E56,Ben Tennyson,COMPANY_028,Mining,Lead Generated,Won,,,,,,OWNER_001,2025-11-27,,info,[customer_code_normalized] Customer code normalized as 'COMPANY_028' | [synthetic_deal_id] Assigned surrogate import key IMPORT-DEAL-C5F8AE301E56 due to missing source primary key | [missing_deal_value] Deal value is missing | [missing_probability] Closure probability is missing (not imputed) | [missing_exact_close_date] Tentative close date is missing,235
IMPORT-DEAL-C9DC966C10C5,Ben Tennyson,COMPANY_044,Renewables,Lead Generated,Won,,,,,,OWNER_003,2025-11-27,,info,[customer_code_normalized] Customer code normalized as 'COMPANY_044' | [synthetic_deal_id] Assigned surrogate import key IMPORT-DEAL-C9DC966C10C5 due to missing source primary key | [missing_deal_value] Deal value is missing | [missing_probability] Closure probability is missing (not imputed) | [missing_exact_close_date] Tentative close date is missing,236
IMPORT-DEAL-693E009B996A,Ben Tennyson,COMPANY_113,Mining,Lead Generated,Won,,,,,,OWNER_003,2025-11-27,,info,[customer_code_normalized] Customer code normalized as 'COMPANY_113' | [synthetic_deal_id] Assigned surrogate import key IMPORT-DEAL-693E009B996A due to missing source primary key | [missing_deal_value] Deal value is missing | [missing_probability] Closure probability is missing (not imputed) | [missing_exact_close_date] Tentative close date is missing,237
IMPORT-DEAL-D7ECBF632ADC,Aizawa,COMPANY_113,Mining,Lead Generated,Won,,,,,,OWNER_003,2025-11-27,,info,[customer_code_normalized] Customer code normalized as 'COMPANY_113' | [synthetic_deal_id] Assigned surrogate import key IMPORT-DEAL-D7ECBF632ADC due to missing source primary key | [missing_deal_value] Deal value is missing | [missing_probability] Closure probability is missing (not imputed) | [missing_exact_close_date] Tentative close date is missing,239
IMPORT-DEAL-7513B6FF9528,Powerpuff Girls,COMPANY_113,Mining,Lead Generated,Won,,,,,,OWNER_003,2025-11-27,,info,[customer_code_normalized] Customer code normalized as 'COMPANY_113' | [synthetic_deal_id] Assigned surrogate import key IMPORT-DEAL-7513B6FF9528 due to missing source primary key | [missing_deal_value] Deal value is missing | [missing_probability] Closure probability is missing (not imputed) | [missing_exact_close_date] Tentative close date is missing,240
IMPORT-DEAL-04217CFEC7E8,Mojo Jojo,COMPANY_069,Renewables,Lead Generated,Won,,,,,,OWNER_003,2025-11-27,,info,[customer_code_normalized] Customer code normalized as 'COMPANY_069' | [synthetic_deal_id] Assigned surrogate import key IMPORT-DEAL-04217CFEC7E8 due to missing source primary key | [missing_deal_value] Deal value is missing | [missing_probability] Closure probability is missing (not imputed) | [missing_exact_close_date] Tentative close date is missing,241
IMPORT-DEAL-3B7ADC7C95BE,Mojo Jojo,COMPANY_127,Others,Lead Generated,Won,,,,,,OWNER_001,2025-11-27,,info,[customer_code_normalized] Customer code normalized as 'COMPANY_127' | [synthetic_deal_id] Assigned surrogate import key IMPORT-DEAL-3B7ADC7C95BE due to missing source primary key | [missing_deal_value] Deal value is missing | [missing_probability] Closure probability is missing (not imputed) | [missing_exact_close_date] Tentative close date is missing,242
IMPORT-DEAL-270BAD0AB25C,Mojo Jojo,COMPANY_060,Railways,Lead Generated,Won,,,,,,OWNER_003,2025-11-27,,info,[customer_code_normalized] Customer code normalized as 'COMPANY_060' | [synthetic_deal_id] Assigned surrogate import key IMPORT-DEAL-270BAD0AB25C due to missing source primary key | [missing_deal_value] Deal value is missing | [missing_probability] Closure probability is missing (not imputed) | [missing_exact_close_date] Tentative close date is missing,243
IMPORT-DEAL-0AF57AB2C764,Mojo Jojo,COMPANY_113,Mining,Lead Generated,Won,,,,,,OWNER_003,2025-11-27,,info,[customer_code_normalized] Customer code normalized as 'COMPANY_113' | [synthetic_deal_id] Assigned surrogate import key IMPORT-DEAL-0AF57AB2C764 due to missing source primary key | [missing_deal_value] Deal value is missing | [missing_probability] Closure probability is missing (not imputed) | [missing_exact_close_date] Tentative close date is missing,244
IMPORT-DEAL-06F3D3D4AA67,Mojo Jojo,COMPANY_144,Railways,Lead Generated,Won,,,,,,OWNER_003,2025-11-27,,info,[customer_code_normalized] Customer code normalized as 'COMPANY_144' | [synthetic_deal_id] Assigned surrogate import key IMPORT-DEAL-06F3D3D4AA67 due to missing source primary key | [missing_deal_value] Deal value is missing | [missing_probability] Closure probability is missing (not imputed) | [missing_exact_close_date] Tentative close date is missing,245
IMPORT-DEAL-F591596C378C,Mojo Jojo,COMPANY_032,Renewables,Lead Generated,Won,,,,,,OWNER_003,2025-11-27,,info,[customer_code_normalized] Customer code normalized as 'COMPANY_032' | [synthetic_deal_id] Assigned surrogate import key IMPORT-DEAL-F591596C378C due to missing source primary key | [missing_deal_value] Deal value is missing | [missing_probability] Closure probability is missing (not imputed) | [missing_exact_close_date] Tentative close date is missing,246
IMPORT-DEAL-61EED7875A98,Mojo Jojo,COMPANY_151,Railways,Lead Generated,Won,,,,,,OWNER_003,2025-11-27,,info,[customer_code_normalized] Customer code normalized as 'COMPANY_151' | [synthetic_deal_id] Assigned surrogate import key IMPORT-DEAL-61EED7875A98 due to missing source primary key | [missing_deal_value] Deal value is missing | [missing_probability] Closure probability is missing (not imputed) | [missing_exact_close_date] Tentative close date is missing,247
IMPORT-DEAL-5F45585284C6,Mojo Jojo,COMPANY_109,Mining,Lead Generated,Won,,,,,,,2025-11-27,,info,[customer_code_normalized] Customer code normalized as 'COMPANY_109' | [synthetic_deal_id] Assigned surrogate import key IMPORT-DEAL-5F45585284C6 due to missing source primary key | [missing_deal_value] Deal value is missing | [missing_probability] Closure probability is missing (not imputed) | [missing_exact_close_date] Tentative close date is missing,249
IMPORT-DEAL-AC271DCA2464,Mojo Jojo,COMPANY_169,Renewables,Lead Generated,Won,,0.8,,,,OWNER_001,2025-11-27,,info,[customer_code_normalized] Customer code normalized as 'COMPANY_169' | [synthetic_deal_id] Assigned surrogate import key IMPORT-DEAL-AC271DCA2464 due to missing source primary key | [missing_deal_value] Deal value is missing | [missing_exact_close_date] Tentative close date is missing,250
IMPORT-DEAL-FF09AD2030CA,Aang,COMPANY_169,Renewables,Lead Generated,Won,,0.8,,,,OWNER_001,2025-11-27,,info,[customer_code_normalized] Customer code normalized as 'COMPANY_169' | [synthetic_deal_id] Assigned surrogate import key IMPORT-DEAL-FF09AD2030CA due to missing source primary key | [missing_deal_value] Deal value is missing | [missing_exact_close_date] Tentative close date is missing,251
IMPORT-DEAL-031ECA77CE98,Katara,COMPANY_038,Renewables,Work Order Received,Won,,,,,,OWNER_001,2025-08-13,,info,[customer_code_normalized] Customer code normalized as 'COMPANY_038' | [synthetic_deal_id] Assigned surrogate import key IMPORT-DEAL-031ECA77CE98 due to missing source primary key | [missing_deal_value] Deal value is missing | [missing_probability] Closure probability is missing (not imputed) | [missing_exact_close_date] Tentative close date is missing,252
IMPORT-DEAL-8BB4E34D8CE7,Ochaco,COMPANY_148,Powerline,Work Order Received,Won,152925.0,0.8,2025-07-31,,2025-07-31,OWNER_002,2025-06-10,,info,[customer_code_normalized] Customer code normalized as 'COMPANY_148' | [synthetic_deal_id] Assigned surrogate import key IMPORT-DEAL-8BB4E34D8CE7 due to missing source primary key,253
IMPORT-DEAL-8D3217D2CCA2,Sokka,COMPANY_172,Mining,Project Completed,Won,,,2024-09-30,,,,2024-08-09,,info,[customer_code_normalized] Customer code normalized as 'COMPANY_172' | [synthetic_deal_id] Assigned surrogate import key IMPORT-DEAL-8D3217D2CCA2 due to missing source primary key | [missing_deal_value] Deal value is missing | [missing_probability] Closure probability is missing (not imputed),254
IMPORT-DEAL-86B23015DFB7,Zuko,COMPANY_172,Others,Project Completed,Won,,,2025-07-28,,,OWNER_003,2025-04-24,Pure Service,info,[customer_code_normalized] Customer code normalized as 'COMPANY_172' | [synthetic_deal_id] Assigned surrogate import key IMPORT-DEAL-86B23015DFB7 due to missing source primary key | [missing_deal_value] Deal value is missing | [missing_probability] Closure probability is missing (not imputed),255
IMPORT-DEAL-3A3153CDFEB2,Zuko,COMPANY_033,Renewables,Work Order Received,Won,134574.0,,2025-05-27,,,OWNER_003,2025-05-06,Pure Service,info,[customer_code_normalized] Customer code normalized as 'COMPANY_033' | [synthetic_deal_id] Assigned surrogate import key IMPORT-DEAL-3A3153CDFEB2 due to missing source primary key | [missing_probability] Closure probability is missing (not imputed),256
IMPORT-DEAL-415C22D899CC,Appa,COMPANY_163,Renewables,Work Order Received,Won,1079650.5,,2024-11-17,,,OWNER_003,2024-08-30,Pure Service,info,[customer_code_normalized] Customer code normalized as 'COMPANY_163' | [synthetic_deal_id] Assigned surrogate import key IMPORT-DEAL-415C22D899CC due to missing source primary key | [missing_probability] Closure probability is missing (not imputed),257
IMPORT-DEAL-67347E97C324,Appa,COMPANY_005,Others,Project Completed,Won,183510.0,,2024-09-30,,,OWNER_003,2024-08-30,Pure Service,info,[customer_code_normalized] Customer code normalized as 'COMPANY_005' | [synthetic_deal_id] Assigned surrogate import key IMPORT-DEAL-67347E97C324 due to missing source primary key | [missing_probability] Closure probability is missing (not imputed),258
IMPORT-DEAL-EA95BCA92E0D,Appa,COMPANY_133,Renewables,Project Completed,Won,,,2024-09-30,,,OWNER_003,2024-08-30,Pure Service,info,[customer_code_normalized] Customer code normalized as 'COMPANY_133' | [synthetic_deal_id] Assigned surrogate import key IMPORT-DEAL-EA95BCA92E0D due to missing source primary key | [missing_deal_value] Deal value is missing | [missing_probability] Closure probability is missing (not imputed),259
IMPORT-DEAL-8E6758707587,Appa,COMPANY_133,Renewables,Work Order Received,Won,1345740.0,,2024-10-31,,,OWNER_003,2024-09-17,Pure Service,info,[customer_code_normalized] Customer code normalized as 'COMPANY_133' | [synthetic_deal_id] Assigned surrogate import key IMPORT-DEAL-8E6758707587 due to missing source primary key | [missing_probability] Closure probability is missing (not imputed),261
IMPORT-DEAL-BDD790EACE90,Appa,COMPANY_005,Mining,Work Order Received,Won,3303180.0,,2024-10-31,,,OWNER_003,2024-09-20,Pure Service,info,[customer_code_normalized] Customer code normalized as 'COMPANY_005' | [synthetic_deal_id] Assigned surrogate import key IMPORT-DEAL-BDD790EACE90 due to missing source primary key | [missing_probability] Closure probability is missing (not imputed),262
IMPORT-DEAL-34D3D767F799,Po (Kung Fu Panda),COMPANY_005,Mining,Work Order Received,Won,1345740.0,,2024-10-31,,,OWNER_003,2024-09-20,Pure Service,info,[customer_code_normalized] Customer code normalized as 'COMPANY_005' | [synthetic_deal_id] Assigned surrogate import key IMPORT-DEAL-34D3D767F799 due to missing source primary key | [missing_probability] Closure probability is missing (not imputed),263
IMPORT-DEAL-40640A596B4A,Po (Kung Fu Panda),COMPANY_005,Mining,Work Order Received,Won,,,2024-10-31,,,OWNER_003,2024-09-20,Pure Service,info,[customer_code_normalized] Customer code normalized as 'COMPANY_005' | [synthetic_deal_id] Assigned surrogate import key IMPORT-DEAL-40640A596B4A due to missing source primary key | [missing_deal_value] Deal value is missing | [missing_probability] Closure probability is missing (not imputed),264
IMPORT-DEAL-6A1FF8927CAF,Po (Kung Fu Panda),COMPANY_038,Renewables,Project Completed,Won,,,2024-11-13,,,,2024-11-05,,info,[customer_code_normalized] Customer code normalized as 'COMPANY_038' | [synthetic_deal_id] Assigned surrogate import key IMPORT-DEAL-6A1FF8927CAF due to missing source primary key | [missing_deal_value] Deal value is missing | [missing_probability] Closure probability is missing (not imputed),265
IMPORT-DEAL-2D082BF2817F,Shrek,COMPANY_005,Construction,Work Order Received,Won,91755.0,,2024-12-31,,,OWNER_003,2024-11-17,Pure Service,info,[customer_code_normalized] Customer code normalized as 'COMPANY_005' | [synthetic_deal_id] Assigned surrogate import key IMPORT-DEAL-2D082BF2817F due to missing source primary key | [missing_probability] Closure probability is missing (not imputed),266
IMPORT-DEAL-A245D7573552,Donkey,COMPANY_059,Renewables,Work Order Received,Won,152925.0,,2025-01-14,,,OWNER_003,2024-11-17,Pure Service,info,[customer_code_normalized] Customer code normalized as 'COMPANY_059' | [synthetic_deal_id] Assigned surrogate import key IMPORT-DEAL-A245D7573552 due to missing source primary key | [missing_probability] Closure probability is missing (not imputed),267
IMPORT-DEAL-4A0CCC31C139,Donkey,COMPANY_029,Renewables,Work Order Received,Won,305850.0,,2024-12-31,,,OWNER_003,2024-11-17,Pure Service,info,[customer_code_normalized] Customer code normalized as 'COMPANY_029' | [synthetic_deal_id] Assigned surrogate import key IMPORT-DEAL-4A0CCC31C139 due to missing source primary key | [missing_probability] Closure probability is missing (not imputed),268
IMPORT-DEAL-490EDE820329,Puss in Boots,COMPANY_105,Renewables,Project Completed,Won,,,2025-01-06,,2025-01-06,OWNER_001,2024-11-17,,info,[customer_code_normalized] Customer code normalized as 'COMPANY_105' | [synthetic_deal_id] Assigned surrogate import key IMPORT-DEAL-490EDE820329 due to missing source primary key | [missing_deal_value] Deal value is missing | [missing_probability] Closure probability is missing (not imputed),269
IMPORT-DEAL-FE7DBC4320E4,Puss in Boots,COMPANY_123,Renewables,Work Order Received,Won,,,2024-12-31,,2024-12-31,OWNER_001,2024-11-17,,info,[customer_code_normalized] Customer code normalized as 'COMPANY_123' | [synthetic_deal_id] Assigned surrogate import key IMPORT-DEAL-FE7DBC4320E4 due to missing source primary key | [missing_deal_value] Deal value is missing | [missing_probability] Closure probability is missing (not imputed),270
IMPORT-DEAL-20F7327F3AD1,Puss in Boots,COMPANY_133,Renewables,Work Order Received,Won,342552.0,,2025-01-14,,,OWNER_003,2024-11-17,Pure Service,info,[customer_code_normalized] Customer code normalized as 'COMPANY_133' | [synthetic_deal_id] Assigned surrogate import key IMPORT-DEAL-20F7327F3AD1 due to missing source primary key | [missing_probability] Closure probability is missing (not imputed),271
IMPORT-DEAL-B40B682DA8C9,Winnie the Pooh,COMPANY_133,Renewables,Work Order Received,Won,342552.0,,2025-01-14,,,OWNER_003,2024-11-17,Pure Service,info,[customer_code_normalized] Customer code normalized as 'COMPANY_133' | [synthetic_deal_id] Assigned surrogate import key IMPORT-DEAL-B40B682DA8C9 due to missing source primary key | [missing_probability] Closure probability is missing (not imputed),272
IMPORT-DEAL-8CD5BB58870C,Tigger,COMPANY_038,Renewables,Project Completed,Won,,,2025-06-23,,2025-06-23,OWNER_001,2024-12-05,,info,[customer_code_normalized] Customer code normalized as 'COMPANY_038' | [synthetic_deal_id] Assigned surrogate import key IMPORT-DEAL-8CD5BB58870C due to missing source primary key | [missing_deal_value] Deal value is missing | [missing_probability] Closure probability is missing (not imputed),273
IMPORT-DEAL-78C9AB07E31C,Eeyore,COMPANY_038,Renewables,Project Completed,Won,,,2025-06-23,,,OWNER_001,2024-12-05,,info,[customer_code_normalized] Customer code normalized as 'COMPANY_038' | [synthetic_deal_id] Assigned surrogate import key IMPORT-DEAL-78C9AB07E31C due to missing source primary key | [missing_deal_value] Deal value is missing | [missing_probability] Closure probability is missing (not imputed),274
IMPORT-DEAL-B886CF75147D,Buzz Lightyear,COMPANY_038,Renewables,Amount Accrued,Won,,,2025-06-11,,,OWNER_001,2025-01-06,,info,[customer_code_normalized] Customer code normalized as 'COMPANY_038' | [synthetic_deal_id] Assigned surrogate import key IMPORT-DEAL-B886CF75147D due to missing source primary key | [missing_deal_value] Deal value is missing | [missing_probability] Closure probability is missing (not imputed),275
IMPORT-DEAL-6B1609AD7D1D,Woody,COMPANY_056,Mining,Work Order Received,Won,2936160.0,,2025-05-13,,,OWNER_003,2025-01-14,Pure Service,info,[customer_code_normalized] Customer code normalized as 'COMPANY_056' | [synthetic_deal_id] Assigned surrogate import key IMPORT-DEAL-6B1609AD7D1D due to missing source primary key | [missing_probability] Closure probability is missing (not imputed),276
IMPORT-DEAL-D881D7D25FE0,Jessie,COMPANY_005,Others,Work Order Received,Won,183510.0,,2025-02-28,,,OWNER_003,2025-01-16,Pure Service,info,[customer_code_normalized] Customer code normalized as 'COMPANY_005' | [synthetic_deal_id] Assigned surrogate import key IMPORT-DEAL-D881D7D25FE0 due to missing source primary key | [missing_probability] Closure probability is missing (not imputed),277
IMPORT-DEAL-862BA53CF7B0,Jessie,COMPANY_038,Renewables,Work Order Received,Won,194275.92,,2025-02-28,,,OWNER_003,2025-01-16,Pure Service,info,[customer_code_normalized] Customer code normalized as 'COMPANY_038' | [synthetic_deal_id] Assigned surrogate import key IMPORT-DEAL-862BA53CF7B0 due to missing source primary key | [missing_probability] Closure probability is missing (not imputed),278
IMPORT-DEAL-3C480D55618E,Anna,COMPANY_097,Mining,Work Order Received,Won,1706643.0,,2025-05-13,,,OWNER_003,2025-01-16,Pure Service,info,[customer_code_normalized] Customer code normalized as 'COMPANY_097' | [synthetic_deal_id] Assigned surrogate import key IMPORT-DEAL-3C480D55618E due to missing source primary key | [missing_probability] Closure probability is missing (not imputed),279
IMPORT-DEAL-04F9F292DB9C,Olaf,COMPANY_031,Renewables,Work Order Received,Won,1706643.0,,2025-02-28,,,OWNER_003,2025-01-16,Pure Service,info,[customer_code_normalized] Customer code normalized as 'COMPANY_031' | [synthetic_deal_id] Assigned surrogate import key IMPORT-DEAL-04F9F292DB9C due to missing source primary key | [missing_probability] Closure probability is missing (not imputed),280
IMPORT-DEAL-D00BA373CD1F,Baymax,COMPANY_002,Mining,Work Order Received,Won,368243.4,,2025-02-11,,,OWNER_003,2025-01-17,Pure Service,info,[customer_code_normalized] Customer code normalized as 'COMPANY_002' | [synthetic_deal_id] Assigned surrogate import key IMPORT-DEAL-D00BA373CD1F due to missing source primary key | [missing_probability] Closure probability is missing (not imputed),281
IMPORT-DEAL-4BA7046BBA12,Stitch,COMPANY_005,Mining,Work Order Received,Won,61170.0,,2025-02-28,,,OWNER_003,2025-01-17,Pure Service,info,[customer_code_normalized] Customer code normalized as 'COMPANY_005' | [synthetic_deal_id] Assigned surrogate import key IMPORT-DEAL-4BA7046BBA12 due to missing source primary key | [missing_probability] Closure probability is missing (not imputed),282
IMPORT-DEAL-5DA4D84BA866,Inosuke,COMPANY_182,Mining,Project Completed,Won,,,2025-02-28,,,OWNER_001,2025-01-17,,info,[customer_code_normalized] Customer code normalized as 'COMPANY_182' | [synthetic_deal_id] Assigned surrogate import key IMPORT-DEAL-5DA4D84BA866 due to missing source primary key | [missing_deal_value] Deal value is missing | [missing_probability] Closure probability is missing (not imputed),283
IMPORT-DEAL-0E6729C71451,Tanjiro Kamado,COMPANY_199,Renewables,Work Order Received,Won,881077.9992000001,,2025-02-28,,,OWNER_003,2025-01-17,Pure Service,info,[customer_code_normalized] Customer code normalized as 'COMPANY_199' | [synthetic_deal_id] Assigned surrogate import key IMPORT-DEAL-0E6729C71451 due to missing source primary key | [missing_probability] Closure probability is missing (not imputed),284
IMPORT-DEAL-AE8BBF08F597,Moana,COMPANY_182,Mining,Project Completed,Won,,,2025-02-28,,,OWNER_001,2025-01-17,,info,[customer_code_normalized] Customer code normalized as 'COMPANY_182' | [synthetic_deal_id] Assigned surrogate import key IMPORT-DEAL-AE8BBF08F597 due to missing source primary key | [missing_deal_value] Deal value is missing | [missing_probability] Closure probability is missing (not imputed),285
IMPORT-DEAL-837845C34FBA,Mulan,COMPANY_182,Mining,Project Completed,Won,,,2025-02-28,,,OWNER_001,2025-01-17,,info,[customer_code_normalized] Customer code normalized as 'COMPANY_182' | [synthetic_deal_id] Assigned surrogate import key IMPORT-DEAL-837845C34FBA due to missing source primary key | [missing_deal_value] Deal value is missing | [missing_probability] Closure probability is missing (not imputed),286
IMPORT-DEAL-8B77B483E981,Simba,COMPANY_182,Mining,Project Completed,Won,,,2025-02-28,,,OWNER_001,2025-01-17,,info,[customer_code_normalized] Customer code normalized as 'COMPANY_182' | [synthetic_deal_id] Assigned surrogate import key IMPORT-DEAL-8B77B483E981 due to missing source primary key | [missing_deal_value] Deal value is missing | [missing_probability] Closure probability is missing (not imputed),287
IMPORT-DEAL-8FF09BFF4584,Timon,COMPANY_038,Renewables,Project Completed,Won,,,2025-01-29,,,OWNER_001,2025-01-17,,info,[customer_code_normalized] Customer code normalized as 'COMPANY_038' | [synthetic_deal_id] Assigned surrogate import key IMPORT-DEAL-8FF09BFF4584 due to missing source primary key | [missing_deal_value] Deal value is missing | [missing_probability] Closure probability is missing (not imputed),288
IMPORT-DEAL-3228EE886F70,Timon,COMPANY_182,Mining,Amount Accrued,Won,,,2025-02-28,,,OWNER_001,2025-01-17,,info,[customer_code_normalized] Customer code normalized as 'COMPANY_182' | [synthetic_deal_id] Assigned surrogate import key IMPORT-DEAL-3228EE886F70 due to missing source primary key | [missing_deal_value] Deal value is missing | [missing_probability] Closure probability is missing (not imputed),289
IMPORT-DEAL-F913A7FA4D21,Timon,COMPANY_082,Others,Work Order Received,Won,195744.0,,2025-02-28,,,OWNER_003,2025-01-17,Pure Service,info,[customer_code_normalized] Customer code normalized as 'COMPANY_082' | [synthetic_deal_id] Assigned surrogate import key IMPORT-DEAL-F913A7FA4D21 due to missing source primary key | [missing_probability] Closure probability is missing (not imputed),290
IMPORT-DEAL-1B3265C2D958,Timon,COMPANY_064,Others,Project Completed,Won,,,2025-03-31,,,OWNER_006,2025-02-10,,info,[customer_code_normalized] Customer code normalized as 'COMPANY_064' | [synthetic_deal_id] Assigned surrogate import key IMPORT-DEAL-1B3265C2D958 due to missing source primary key | [missing_deal_value] Deal value is missing | [missing_probability] Closure probability is missing (not imputed),291
IMPORT-DEAL-60AEE917CDEE,Timon,COMPANY_181,Others,Project Completed,Won,,,2025-03-26,,,OWNER_006,2025-03-11,,info,[customer_code_normalized] Customer code normalized as 'COMPANY_181' | [synthetic_deal_id] Assigned surrogate import key IMPORT-DEAL-60AEE917CDEE due to missing source primary key | [missing_deal_value] Deal value is missing | [missing_probability] Closure probability is missing (not imputed),292
IMPORT-DEAL-5F19E14EC19A,Timon,COMPANY_125,Powerline,Work Order Received,Won,4986578.4,0.8,2025-08-29,,2025-08-29,OWNER_002,2025-05-13,Service + Spectra,info,[customer_code_normalized] Customer code normalized as 'COMPANY_125' | [synthetic_deal_id] Assigned surrogate import key IMPORT-DEAL-5F19E14EC19A due to missing source primary key,293
IMPORT-DEAL-8B9D0C2DB776,Timon,COMPANY_062,Railways,Project Completed,Won,519945.0,,2025-07-04,,,OWNER_003,2025-05-14,Pure Service,info,[customer_code_normalized] Customer code normalized as 'COMPANY_062' | [synthetic_deal_id] Assigned surrogate import key IMPORT-DEAL-8B9D0C2DB776 due to missing source primary key | [missing_probability] Closure probability is missing (not imputed),294
IMPORT-DEAL-B7D2439FDB19,Timon,COMPANY_019,Others,Project Completed,Won,,,2025-07-04,,,OWNER_003,2025-05-14,Pure Service,info,[customer_code_normalized] Customer code normalized as 'COMPANY_019' | [synthetic_deal_id] Assigned surrogate import key IMPORT-DEAL-B7D2439FDB19 due to missing source primary key | [missing_deal_value] Deal value is missing | [missing_probability] Closure probability is missing (not imputed),295
IMPORT-DEAL-9F6502BFE97B,Timon,COMPANY_022,Renewables,Work Order Received,Won,305850.0,,2025-05-30,,,OWNER_003,2025-05-14,Pure Service,info,[customer_code_normalized] Customer code normalized as 'COMPANY_022' | [synthetic_deal_id] Assigned surrogate import key IMPORT-DEAL-9F6502BFE97B due to missing source primary key | [missing_probability] Closure probability is missing (not imputed),296
IMPORT-DEAL-4120DA5A0BB3,Tuxedo Mask,COMPANY_131,Powerline,Work Order Received,Won,1205049.0,,2025-05-13,,,OWNER_003,2024-08-09,Pure Service,info,[customer_code_normalized] Customer code normalized as 'COMPANY_131' | [synthetic_deal_id] Assigned surrogate import key IMPORT-DEAL-4120DA5A0BB3 due to missing source primary key | [missing_probability] Closure probability is missing (not imputed),297
IMPORT-DEAL-4EC2FC23D8BE,Pumbaa,COMPANY_005,Mining,Project Completed,Won,,,2024-09-30,,,OWNER_003,2024-08-13,Pure Service,info,[customer_code_normalized] Customer code normalized as 'COMPANY_005' | [synthetic_deal_id] Assigned surrogate import key IMPORT-DEAL-4EC2FC23D8BE due to missing source primary key | [missing_deal_value] Deal value is missing | [missing_probability] Closure probability is missing (not imputed),298
IMPORT-DEAL-4D31912233F2,Rafiki,COMPANY_005,Mining,Work Order Received,Won,183510.0,,2025-05-22,,,OWNER_003,2025-05-17,Pure Service,info,[customer_code_normalized] Customer code normalized as 'COMPANY_005' | [synthetic_deal_id] Assigned surrogate import key IMPORT-DEAL-4D31912233F2 due to missing source primary key | [missing_probability] Closure probability is missing (not imputed),299
IMPORT-DEAL-4A1C16264AC1,Rafiki,COMPANY_005,Mining,Work Order Received,Won,721806.0,,2025-05-22,,,OWNER_003,2025-05-17,Pure Service,info,[customer_code_normalized] Customer code normalized as 'COMPANY_005' | [synthetic_deal_id] Assigned surrogate import key IMPORT-DEAL-4A1C16264AC1 due to missing source primary key | [missing_probability] Closure probability is missing (not imputed),300
IMPORT-DEAL-77D83CA622F4,Rafiki,COMPANY_005,Mining,Work Order Received,Won,550530.0,,2025-05-30,,,OWNER_003,2025-05-17,Pure Service,info,[customer_code_normalized] Customer code normalized as 'COMPANY_005' | [synthetic_deal_id] Assigned surrogate import key IMPORT-DEAL-77D83CA622F4 due to missing source primary key | [missing_probability] Closure probability is missing (not imputed),301
IMPORT-DEAL-87A557ED4F07,Rafiki,COMPANY_005,Mining,Work Order Received,Won,2960628.0,,2025-05-22,,,OWNER_003,2025-05-17,Pure Service,info,[customer_code_normalized] Customer code normalized as 'COMPANY_005' | [synthetic_deal_id] Assigned surrogate import key IMPORT-DEAL-87A557ED4F07 due to missing source primary key | [missing_probability] Closure probability is missing (not imputed),302
IMPORT-DEAL-3AF155D3AE37,Rafiki,COMPANY_169,Powerline,Work Order Received,Won,,0.8,2025-06-19,,,OWNER_001,2025-06-11,,info,[customer_code_normalized] Customer code normalized as 'COMPANY_169' | [synthetic_deal_id] Assigned surrogate import key IMPORT-DEAL-3AF155D3AE37 due to missing source primary key | [missing_deal_value] Deal value is missing,303
IMPORT-DEAL-B061A716B168,Rafiki,COMPANY_037,Renewables,Work Order Received,Won,,,2025-07-31,,,OWNER_001,2025-06-11,,info,[customer_code_normalized] Customer code normalized as 'COMPANY_037' | [synthetic_deal_id] Assigned surrogate import key IMPORT-DEAL-B061A716B168 due to missing source primary key | [missing_deal_value] Deal value is missing | [missing_probability] Closure probability is missing (not imputed),304
IMPORT-DEAL-763C5388DF91,Scar,COMPANY_037,Renewables,Work Order Received,Won,,,2025-07-31,,,OWNER_001,2025-06-11,,info,[customer_code_normalized] Customer code normalized as 'COMPANY_037' | [synthetic_deal_id] Assigned surrogate import key IMPORT-DEAL-763C5388DF91 due to missing source primary key | [missing_deal_value] Deal value is missing | [missing_probability] Closure probability is missing (not imputed),305
IMPORT-DEAL-FC5BCE1757F6,Optimus Prime,COMPANY_005,Construction,Project Won,Won,275265.0,,2025-07-04,,,OWNER_003,2025-06-11,Pure Service,info,[customer_code_normalized] Customer code normalized as 'COMPANY_005' | [synthetic_deal_id] Assigned surrogate import key IMPORT-DEAL-FC5BCE1757F6 due to missing source primary key | [missing_probability] Closure probability is missing (not imputed),306
IMPORT-DEAL-38D66934F31E,Megatron,COMPANY_005,Construction,Work Order Received,Won,685104.0,,2025-07-31,,,OWNER_003,2025-06-11,Pure Service,info,[customer_code_normalized] Customer code normalized as 'COMPANY_005' | [synthetic_deal_id] Assigned surrogate import key IMPORT-DEAL-38D66934F31E due to missing source primary key | [missing_probability] Closure probability is missing (not imputed),307
IMPORT-DEAL-15D99908C84D,Iroh,COMPANY_186,Mining,Work Order Received,Won,,,2025-07-31,,,OWNER_001,2025-06-12,,info,[customer_code_normalized] Customer code normalized as 'COMPANY_186' | [synthetic_deal_id] Assigned surrogate import key IMPORT-DEAL-15D99908C84D due to missing source primary key | [missing_deal_value] Deal value is missing | [missing_probability] Closure probability is missing (not imputed),308
IMPORT-DEAL-78B8F1E94EEA,Appa,COMPANY_038,Renewables,Work Order Received,Won,,,2025-07-31,,,OWNER_001,2025-06-12,,info,[customer_code_normalized] Customer code normalized as 'COMPANY_038' | [synthetic_deal_id] Assigned surrogate import key IMPORT-DEAL-78B8F1E94EEA due to missing source primary key | [missing_deal_value] Deal value is missing | [missing_probability] Closure probability is missing (not imputed),309
IMPORT-DEAL-E0742A922E17,Pikachu,COMPANY_152,Renewables,Work Order Received,Won,214095.0,,2025-08-31,,,OWNER_003,2025-07-28,Pure Service,info,[customer_code_normalized] Customer code normalized as 'COMPANY_152' | [synthetic_deal_id] Assigned surrogate import key IMPORT-DEAL-E0742A922E17 due to missing source primary key | [missing_probability] Closure probability is missing (not imputed),310
IMPORT-DEAL-0395FE9AE91E,Ash Ketchum,COMPANY_133,Renewables,Project Won,Won,489360.0,,2025-08-31,,,OWNER_003,2025-07-28,Pure Service,info,[customer_code_normalized] Customer code normalized as 'COMPANY_133' | [synthetic_deal_id] Assigned surrogate import key IMPORT-DEAL-0395FE9AE91E due to missing source primary key | [missing_probability] Closure probability is missing (not imputed),311
IMPORT-DEAL-FDF3BBB1C034,Charmander,COMPANY_133,Renewables,Work Order Received,Won,746274.0,,2025-08-31,,,OWNER_003,2025-07-28,Pure Service,info,[customer_code_normalized] Customer code normalized as 'COMPANY_133' | [synthetic_deal_id] Assigned surrogate import key IMPORT-DEAL-FDF3BBB1C034 due to missing source primary key | [missing_probability] Closure probability is missing (not imputed),312
IMPORT-DEAL-3B233C0470A7,Squirtle,COMPANY_031,Renewables,Project Won,Won,489360.0,,2025-08-31,,,OWNER_003,2025-07-28,Pure Service,info,[customer_code_normalized] Customer code normalized as 'COMPANY_031' | [synthetic_deal_id] Assigned surrogate import key IMPORT-DEAL-3B233C0470A7 due to missing source primary key | [missing_probability] Closure probability is missing (not imputed),313
IMPORT-DEAL-4366B23697E4,Bulbasaur,COMPANY_007,Renewables,Project Won,Won,2424950.076,,2025-09-15,,,OWNER_003,2025-07-28,Pure Service,info,[customer_code_normalized] Customer code normalized as 'COMPANY_007' | [synthetic_deal_id] Assigned surrogate import key IMPORT-DEAL-4366B23697E4 due to missing source primary key | [missing_probability] Closure probability is missing (not imputed),314
IMPORT-DEAL-77F00DAFA5CD,Bulbasaur,COMPANY_011,Railways,Work Order Received,Won,14277078.0,,2025-08-31,,,OWNER_003,2025-07-28,Pure Service,info,[customer_code_normalized] Customer code normalized as 'COMPANY_011' | [synthetic_deal_id] Assigned surrogate import key IMPORT-DEAL-77F00DAFA5CD due to missing source primary key | [missing_probability] Closure probability is missing (not imputed),315
IMPORT-DEAL-6C93B6E86941,Bulbasaur,COMPANY_061,Railways,Project Won,Won,5020833.600000001,,2025-09-15,,,OWNER_003,2025-07-28,Pure Service,info,[customer_code_normalized] Customer code normalized as 'COMPANY_061' | [synthetic_deal_id] Assigned surrogate import key IMPORT-DEAL-6C93B6E86941 due to missing source primary key | [missing_probability] Closure probability is missing (not imputed),316
IMPORT-DEAL-B42D9521B66F,Alias_160,COMPANY_062,Railways,Work Order Received,Won,14552343.0,,2025-08-31,,,OWNER_003,2025-07-28,Pure Service,info,[customer_code_normalized] Customer code normalized as 'COMPANY_062' | [synthetic_deal_id] Assigned surrogate import key IMPORT-DEAL-B42D9521B66F due to missing source primary key | [missing_probability] Closure probability is missing (not imputed),317
IMPORT-DEAL-77A21AE9103A,Alias_160,COMPANY_173,Manufacturing,Project Won,Won,611700.0,,2025-09-15,,,OWNER_003,2025-07-28,Pure Service,info,[customer_code_normalized] Customer code normalized as 'COMPANY_173' | [synthetic_deal_id] Assigned surrogate import key IMPORT-DEAL-77A21AE9103A due to missing source primary key | [missing_probability] Closure probability is missing (not imputed),318
IMPORT-DEAL-9C00A0166898,Alias_160,COMPANY_004,Mining,Work Order Received,Won,91755.0,,2025-08-31,,,OWNER_003,2025-07-28,Pure Service,info,[customer_code_normalized] Customer code normalized as 'COMPANY_004' | [synthetic_deal_id] Assigned surrogate import key IMPORT-DEAL-9C00A0166898 due to missing source primary key | [missing_probability] Closure probability is missing (not imputed),319
IMPORT-DEAL-14D85AD6AA10,Alias_160,COMPANY_111,Railways,Project Won,Won,8719220.736,,2025-10-31,,,OWNER_003,2025-09-15,Pure Service,info,[customer_code_normalized] Customer code normalized as 'COMPANY_111' | [synthetic_deal_id] Assigned surrogate import key IMPORT-DEAL-14D85AD6AA10 due to missing source primary key | [missing_probability] Closure probability is missing (not imputed),320
IMPORT-DEAL-4DA43574B009,Alias_160,COMPANY_007,Mining,Project Won,Won,1368079.284,,2025-10-31,,,OWNER_003,2025-09-15,Pure Service,info,[customer_code_normalized] Customer code normalized as 'COMPANY_007' | [synthetic_deal_id] Assigned surrogate import key IMPORT-DEAL-4DA43574B009 due to missing source primary key | [missing_probability] Closure probability is missing (not imputed),321
IMPORT-DEAL-BD207508BF82,Alias_160,COMPANY_090,Mining,Work Order Received,Won,,0.8,2025-10-31,,2025-07-18,OWNER_001,2025-09-15,,info,[customer_code_normalized] Customer code normalized as 'COMPANY_090' | [synthetic_deal_id] Assigned surrogate import key IMPORT-DEAL-BD207508BF82 due to missing source primary key | [missing_deal_value] Deal value is missing,322
IMPORT-DEAL-140B754759B4,Alias_160,COMPANY_084,Mining,Work Order Received,Won,,0.8,2025-10-31,,2025-09-21,OWNER_001,2025-09-15,,info,[customer_code_normalized] Customer code normalized as 'COMPANY_084' | [synthetic_deal_id] Assigned surrogate import key IMPORT-DEAL-140B754759B4 due to missing source primary key | [missing_deal_value] Deal value is missing,323
IMPORT-DEAL-D90364CF6F07,Alias_160,COMPANY_180,Powerline,Work Order Received,Won,54900.6867,0.8,2025-12-31,,2025-12-31,OWNER_002,2025-10-14,Spectra Deal,info,[customer_code_normalized] Customer code normalized as 'COMPANY_180' | [synthetic_deal_id] Assigned surrogate import key IMPORT-DEAL-D90364CF6F07 due to missing source primary key,324
IMPORT-DEAL-D83A4D43F711,Alias_160,COMPANY_105,Renewables,Project Won,Won,428190.0,0.8,2025-11-21,,2025-11-21,OWNER_001,2025-11-17,Pure Service,info,[customer_code_normalized] Customer code normalized as 'COMPANY_105' | [synthetic_deal_id] Assigned surrogate import key IMPORT-DEAL-D83A4D43F711 due to missing source primary key,325
IMPORT-DEAL-70AC240F490C,Alias_162,COMPANY_007,Mining,Project Won,Won,305850.0,,2025-11-30,,,OWNER_003,2025-11-18,Pure Service,info,[customer_code_normalized] Customer code normalized as 'COMPANY_007' | [synthetic_deal_id] Assigned surrogate import key IMPORT-DEAL-70AC240F490C due to missing source primary key | [missing_probability] Closure probability is missing (not imputed),326
IMPORT-DEAL-641B700C628A,Alias_162,COMPANY_128,Mining,Invoice Sent,Won,,,2025-07-31,,,OWNER_004,2025-06-22,,info,[customer_code_normalized] Customer code normalized as 'COMPANY_128' | [synthetic_deal_id] Assigned surrogate import key IMPORT-DEAL-641B700C628A due to missing source primary key | [missing_deal_value] Deal value is missing | [missing_probability] Closure probability is missing (not imputed),327
IMPORT-DEAL-18977B5F4BA4,Alias_162,COMPANY_130,Mining,Negotiations,Won,,,2025-09-30,,,OWNER_003,2025-08-25,,info,[customer_code_normalized] Customer code normalized as 'COMPANY_130' | [synthetic_deal_id] Assigned surrogate import key IMPORT-DEAL-18977B5F4BA4 due to missing source primary key | [missing_deal_value] Deal value is missing | [missing_probability] Closure probability is missing (not imputed),328
IMPORT-DEAL-B8D1BABD5331,Alias_162,COMPANY_096,Mining,Project Won,Won,140691.0,0.8,2025-12-31,,,OWNER_003,2025-11-18,Pure Service,info,[customer_code_normalized] Customer code normalized as 'COMPANY_096' | [synthetic_deal_id] Assigned surrogate import key IMPORT-DEAL-B8D1BABD5331 due to missing source primary key,329
IMPORT-DEAL-D327B76512F2,Alias_162,COMPANY_104,Railways,Project Won,Won,1223400.0,0.8,2025-11-22,,,OWNER_003,2025-11-18,Pure Service,info,[customer_code_normalized] Customer code normalized as 'COMPANY_104' | [synthetic_deal_id] Assigned surrogate import key IMPORT-DEAL-D327B76512F2 due to missing source primary key,330
IMPORT-DEAL-896A03D93073,Alias_162,COMPANY_038,Renewables,Project Won,Won,483241.77660000004,0.8,2024-12-20,,2025-11-28,OWNER_001,2024-12-12,,info,[customer_code_normalized] Customer code normalized as 'COMPANY_038' | [synthetic_deal_id] Assigned surrogate import key IMPORT-DEAL-896A03D93073 due to missing source primary key,331
IMPORT-DEAL-67566767DFC5,Alias_162,COMPANY_124,Powerline,Work Order Received,Won,611700.0,0.8,2025-12-31,,2025-12-31,OWNER_002,2025-06-23,,info,[customer_code_normalized] Customer code normalized as 'COMPANY_124' | [synthetic_deal_id] Assigned surrogate import key IMPORT-DEAL-67566767DFC5 due to missing source primary key,332
IMPORT-DEAL-CC81299985EF,Alias_162,COMPANY_086,Mining,Project Won,Won,422073.0,0.8,2025-12-12,,2025-12-17,OWNER_001,2025-12-08,Pure Service,info,[customer_code_normalized] Customer code normalized as 'COMPANY_086' | [synthetic_deal_id] Assigned surrogate import key IMPORT-DEAL-CC81299985EF due to missing source primary key,333
IMPORT-DEAL-1410FCDB6BB1,Alias_162,COMPANY_111,Railways,Project Won,Won,4787115.264,0.8,2025-12-31,,2026-01-12,OWNER_003,2025-11-17,Pure Service,info,[customer_code_normalized] Customer code normalized as 'COMPANY_111' | [synthetic_deal_id] Assigned surrogate import key IMPORT-DEAL-1410FCDB6BB1 due to missing source primary key,334
IMPORT-DEAL-3DA3D6DD38E4,Alias_162,COMPANY_111,Railways,Project Won,Won,4127536.2816000003,0.8,2025-12-16,,2026-01-12,OWNER_003,2025-11-27,Pure Service,info,[customer_code_normalized] Customer code normalized as 'COMPANY_111' | [synthetic_deal_id] Assigned surrogate import key IMPORT-DEAL-3DA3D6DD38E4 due to missing source primary key,335
IMPORT-DEAL-0FBC81D69AD9,Vegeta,COMPANY_182,,Project Won,Won,53217.9,0.8,2025-12-16,,2025-12-12,OWNER_001,2026-01-08,,info,[customer_code_normalized] Customer code normalized as 'COMPANY_182' | [synthetic_deal_id] Assigned surrogate import key IMPORT-DEAL-0FBC81D69AD9 due to missing source primary key,336
IMPORT-DEAL-A94CE298FB35,Alias_165,COMPANY_184,,Project Won,Won,51440.2998,0.8,2025-12-16,,2025-12-12,OWNER_001,2026-01-08,,info,[customer_code_normalized] Customer code normalized as 'COMPANY_184' | [synthetic_deal_id] Assigned surrogate import key IMPORT-DEAL-A94CE298FB35 due to missing source primary key,337
IMPORT-DEAL-099C5ED77F96,Alias_166,COMPANY_138,,Project Won,Won,367020.0,0.8,2026-01-01,,2026-01-01,OWNER_001,2026-01-08,,info,[customer_code_normalized] Customer code normalized as 'COMPANY_138' | [synthetic_deal_id] Assigned surrogate import key IMPORT-DEAL-099C5ED77F96 due to missing source primary key,338
IMPORT-DEAL-0015B597827B,Alias_168,COMPANY_139,,Project Won,Won,294397.7526,0.8,2026-01-01,,2026-01-01,OWNER_001,2026-01-08,,info,[customer_code_normalized] Customer code normalized as 'COMPANY_139' | [synthetic_deal_id] Assigned surrogate import key IMPORT-DEAL-0015B597827B due to missing source primary key,339
IMPORT-DEAL-1F613348D1C5,Alias_169,COMPANY_136,,Lead Generated,Open,,0.8,,,2025-01-23,OWNER_001,2026-01-08,,info,[customer_code_normalized] Customer code normalized as 'COMPANY_136' | [synthetic_deal_id] Assigned surrogate import key IMPORT-DEAL-1F613348D1C5 due to missing source primary key | [missing_deal_value] Deal value is missing | [missing_exact_close_date] Tentative close date is missing,340
IMPORT-DEAL-74021D401333,Alias_170,COMPANY_040,Renewables,Project Won,Won,550530.0,0.8,2025-11-28,,2025-11-28,OWNER_001,2025-11-26,Pure Service,info,[customer_code_normalized] Customer code normalized as 'COMPANY_040' | [synthetic_deal_id] Assigned surrogate import key IMPORT-DEAL-74021D401333 due to missing source primary key,341
IMPORT-DEAL-5FDCB4E91416,Alias_171,COMPANY_041,Renewables,Project Won,Won,473455.8,0.8,2025-11-28,,2025-11-28,OWNER_001,2025-11-26,Pure Service,info,[customer_code_normalized] Customer code normalized as 'COMPANY_041' | [synthetic_deal_id] Assigned surrogate import key IMPORT-DEAL-5FDCB4E91416 due to missing source primary key,342
IMPORT-DEAL-D6BA6066F815,Alias_172,COMPANY_181,Software & DSP,Negotiations,Won,159042.0,0.8,2025-12-02,,2026-01-08,OWNER_004,2025-11-26,Pure Service,info,[customer_code_normalized] Customer code normalized as 'COMPANY_181' | [synthetic_deal_id] Assigned surrogate import key IMPORT-DEAL-D6BA6066F815 due to missing source primary key,343
IMPORT-DEAL-ECD3002C391F,Alias_173,COMPANY_170,Renewables,Project Won,Won,207366.30000000002,0.8,2026-01-31,,2026-01-01,OWNER_001,2026-01-09,,info,[customer_code_normalized] Customer code normalized as 'COMPANY_170' | [synthetic_deal_id] Assigned surrogate import key IMPORT-DEAL-ECD3002C391F due to missing source primary key,344
IMPORT-DEAL-AD239C4EE5A3,Alias_174,COMPANY_132,Renewables,Project Won,Won,244680.0,0.8,2026-01-31,,2026-01-15,OWNER_003,2026-01-08,Pure Service,info,[customer_code_normalized] Customer code normalized as 'COMPANY_132' | [synthetic_deal_id] Assigned surrogate import key IMPORT-DEAL-AD239C4EE5A3 due to missing source primary key,345
IMPORT-DEAL-0F350D7584B3,Alias_174,COMPANY_132,Renewables,Project Won,Won,611700.0,0.8,2026-02-28,,2026-01-15,OWNER_003,2026-01-08,Pure Service,info,[customer_code_normalized] Customer code normalized as 'COMPANY_132' | [synthetic_deal_id] Assigned surrogate import key IMPORT-DEAL-0F350D7584B3 due to missing source primary key,346
IMPORT-DEAL-0D0148DF027D,Alias_175,COMPANY_078,Railways,Project Won,Won,1027656.0,0.8,2026-01-15,,2026-01-15,OWNER_003,2025-11-18,Pure Service,info,[customer_code_normalized] Customer code normalized as 'COMPANY_078' | [synthetic_deal_id] Assigned surrogate import key IMPORT-DEAL-0D0148DF027D due to missing source primary key,347
